Page URL with Redirect Link,Initial Redirect URL,Final Destination URL,Status code,Discovered
https://azturfsuppliers.com/,https://azturfsuppliers.com/chandler,https://azturfsuppliers.com/chandler/,308,18 May 2026 (00:27 UTC)
https://azturfsuppliers.com/,https://azturfsuppliers.com/landscape-lighting,https://azturfsuppliers.com/landscape-lighting/,308,18 May 2026 (00:27 UTC)
https://azturfsuppliers.com/,https://azturfsuppliers.com/contact,https://azturfsuppliers.com/contact/,308,18 May 2026 (00:27 UTC)
https://azturfsuppliers.com/,https://azturfsuppliers.com/pavers,https://azturfsuppliers.com/pavers/,308,18 May 2026 (00:27 UTC)
https://azturfsuppliers.com/,https://azturfsuppliers.com/gilbert,https://azturfsuppliers.com/gilbert/,308,18 May 2026 (00:27 UTC)
https://azturfsuppliers.com/,https://azturfsuppliers.com/lead-free,https://azturfsuppliers.com/lead-free/,308,18 May 2026 (00:27 UTC)
https://azturfsuppliers.com/,https://azturfsuppliers.com/locations,https://azturfsuppliers.com/locations/,308,18 May 2026 (00:27 UTC)
https://azturfsuppliers.com/,https://azturfsuppliers.com/apache-junction,https://azturfsuppliers.com/apache-junction/,308,18 May 2026 (00:27 UTC)
https://azturfsuppliers.com/,https://azturfsuppliers.com/homeowners,https://azturfsuppliers.com/homeowners/,308,18 May 2026 (00:27 UTC)
https://azturfsuppliers.com/,https://azturfsuppliers.com/mesa,https://azturfsuppliers.com/mesa/,308,18 May 2026 (00:27 UTC)
https://azturfsuppliers.com/,https://azturfsuppliers.com/reviews,https://azturfsuppliers.com/reviews/,308,18 May 2026 (00:27 UTC)
https://azturfsuppliers.com/,https://azturfsuppliers.com/san-tan-valley,https://azturfsuppliers.com/san-tan-valley/,308,18 May 2026 (00:27 UTC)
https://azturfsuppliers.com/,https://azturfsuppliers.com/putting-green,https://azturfsuppliers.com/putting-green/,308,18 May 2026 (00:27 UTC)
https://azturfsuppliers.com/,https://azturfsuppliers.com/bermuda-blend,https://azturfsuppliers.com/bermuda-blend/,308,25 May 2026 (00:28 UTC)
https://azturfsuppliers.com/,https://azturfsuppliers.com/winter-series,https://azturfsuppliers.com/winter-series/,308,25 May 2026 (00:28 UTC)
https://azturfsuppliers.com/,https://azturfsuppliers.com/phoenix,https://azturfsuppliers.com/phoenix/,308,18 May 2026 (00:27 UTC)
https://azturfsuppliers.com/,https://www.azturfsuppliers.com/,https://azturfsuppliers.com/,301,01 Jun 2026 (00:48 UTC)
https://azturfsuppliers.com/,https://azturfsuppliers.com/artificial-turf,https://azturfsuppliers.com/artificial-turf/,308,18 May 2026 (00:27 UTC)
https://azturfsuppliers.com/,https://azturfsuppliers.com/about,https://azturfsuppliers.com/about/,308,18 May 2026 (00:27 UTC)
https://azturfsuppliers.com/,https://azturfsuppliers.com/spring-blend,https://azturfsuppliers.com/spring-blend/,308,25 May 2026 (00:28 UTC)
https://azturfsuppliers.com/,https://azturfsuppliers.com/natural-series,https://azturfsuppliers.com/natural-series/,308,25 May 2026 (00:28 UTC)
https://azturfsuppliers.com/,https://azturfsuppliers.com/warranty,https://azturfsuppliers.com/warranty/,308,18 May 2026 (00:27 UTC)
https://azturfsuppliers.com/,https://azturfsuppliers.com/blog,https://azturfsuppliers.com/blog/,308,18 May 2026 (00:27 UTC)
https://azturfsuppliers.com/,https://azturfsuppliers.com/gallery,https://azturfsuppliers.com/gallery/,308,18 May 2026 (00:27 UTC)
https://azturfsuppliers.com/,https://azturfsuppliers.com/tempe,https://azturfsuppliers.com/tempe/,308,18 May 2026 (00:27 UTC)
https://azturfsuppliers.com/,https://azturfsuppliers.com/scottsdale,https://azturfsuppliers.com/scottsdale/,308,18 May 2026 (00:27 UTC)
https://azturfsuppliers.com/,https://azturfsuppliers.com/accessories,https://azturfsuppliers.com/accessories/,308,18 May 2026 (00:27 UTC)
https://azturfsuppliers.com/,https://azturfsuppliers.com/products,https://azturfsuppliers.com/products/,308,18 May 2026 (00:27 UTC)
https://azturfsuppliers.com/,https://azturfsuppliers.com/queen-creek,https://azturfsuppliers.com/queen-creek/,308,18 May 2026 (00:27 UTC)
https://azturfsuppliers.com/,https://azturfsuppliers.com/resources,https://azturfsuppliers.com/resources/,308,18 May 2026 (00:27 UTC)
https://azturfsuppliers.com/,https://azturfsuppliers.com/contractors,https://azturfsuppliers.com/contractors/,308,18 May 2026 (00:27 UTC)
https://azturfsuppliers.com/,https://azturfsuppliers.com/natural-stone,https://azturfsuppliers.com/natural-stone/,308,18 May 2026 (00:27 UTC)
https://azturfsuppliers.com/,https://azturfsuppliers.com/turf-calculator,https://azturfsuppliers.com/turf-calculator/,308,18 May 2026 (00:27 UTC)
https://azturfsuppliers.com/about/,https://azturfsuppliers.com/chandler,https://azturfsuppliers.com/chandler/,308,18 May 2026 (00:27 UTC)
https://azturfsuppliers.com/about/,https://azturfsuppliers.com/mesa,https://azturfsuppliers.com/mesa/,308,18 May 2026 (00:27 UTC)
https://azturfsuppliers.com/about/,https://azturfsuppliers.com/homeowners,https://azturfsuppliers.com/homeowners/,308,18 May 2026 (00:27 UTC)
https://azturfsuppliers.com/about/,https://azturfsuppliers.com/turf-calculator,https://azturfsuppliers.com/turf-calculator/,308,18 May 2026 (00:27 UTC)
https://azturfsuppliers.com/about/,https://azturfsuppliers.com/landscape-lighting,https://azturfsuppliers.com/landscape-lighting/,308,18 May 2026 (00:27 UTC)
https://azturfsuppliers.com/about/,https://azturfsuppliers.com/contact,https://azturfsuppliers.com/contact/,308,18 May 2026 (00:27 UTC)
https://azturfsuppliers.com/about/,https://azturfsuppliers.com/pavers,https://azturfsuppliers.com/pavers/,308,18 May 2026 (00:27 UTC)
https://azturfsuppliers.com/about/,https://azturfsuppliers.com/gilbert,https://azturfsuppliers.com/gilbert/,308,18 May 2026 (00:27 UTC)
https://azturfsuppliers.com/about/,https://azturfsuppliers.com/lead-free,https://azturfsuppliers.com/lead-free/,308,18 May 2026 (00:27 UTC)
https://azturfsuppliers.com/about/,https://azturfsuppliers.com/locations,https://azturfsuppliers.com/locations/,308,18 May 2026 (00:27 UTC)
https://azturfsuppliers.com/about/,https://azturfsuppliers.com/apache-junction,https://azturfsuppliers.com/apache-junction/,308,18 May 2026 (00:27 UTC)
https://azturfsuppliers.com/about/,https://azturfsuppliers.com/artificial-turf,https://azturfsuppliers.com/artificial-turf/,308,18 May 2026 (00:27 UTC)
https://azturfsuppliers.com/about/,https://www.azturfsuppliers.com/about/,https://azturfsuppliers.com/about/,301,18 May 2026 (00:27 UTC)
https://azturfsuppliers.com/about/,https://azturfsuppliers.com/phoenix,https://azturfsuppliers.com/phoenix/,308,18 May 2026 (00:27 UTC)
https://azturfsuppliers.com/about/,https://azturfsuppliers.com/winter-series,https://azturfsuppliers.com/winter-series/,308,25 May 2026 (00:28 UTC)
https://azturfsuppliers.com/about/,https://azturfsuppliers.com/bermuda-blend,https://azturfsuppliers.com/bermuda-blend/,308,25 May 2026 (00:28 UTC)
https://azturfsuppliers.com/about/,https://azturfsuppliers.com/putting-green,https://azturfsuppliers.com/putting-green/,308,18 May 2026 (00:27 UTC)
https://azturfsuppliers.com/about/,https://azturfsuppliers.com/reviews,https://azturfsuppliers.com/reviews/,308,18 May 2026 (00:27 UTC)
https://azturfsuppliers.com/about/,https://azturfsuppliers.com/san-tan-valley,https://azturfsuppliers.com/san-tan-valley/,308,18 May 2026 (00:27 UTC)
https://azturfsuppliers.com/about/,https://azturfsuppliers.com/natural-stone,https://azturfsuppliers.com/natural-stone/,308,18 May 2026 (00:27 UTC)
https://azturfsuppliers.com/about/,https://azturfsuppliers.com/about,https://azturfsuppliers.com/about/,308,18 May 2026 (00:27 UTC)
https://azturfsuppliers.com/about/,https://azturfsuppliers.com/spring-blend,https://azturfsuppliers.com/spring-blend/,308,25 May 2026 (00:28 UTC)
https://azturfsuppliers.com/about/,https://azturfsuppliers.com/natural-series,https://azturfsuppliers.com/natural-series/,308,25 May 2026 (00:28 UTC)
https://azturfsuppliers.com/about/,https://azturfsuppliers.com/warranty,https://azturfsuppliers.com/warranty/,308,18 May 2026 (00:27 UTC)
https://azturfsuppliers.com/about/,https://azturfsuppliers.com/blog,https://azturfsuppliers.com/blog/,308,18 May 2026 (00:27 UTC)
https://azturfsuppliers.com/about/,https://azturfsuppliers.com/gallery,https://azturfsuppliers.com/gallery/,308,18 May 2026 (00:27 UTC)
https://azturfsuppliers.com/about/,https://azturfsuppliers.com/tempe,https://azturfsuppliers.com/tempe/,308,18 May 2026 (00:27 UTC)
https://azturfsuppliers.com/about/,https://azturfsuppliers.com/scottsdale,https://azturfsuppliers.com/scottsdale/,308,18 May 2026 (00:27 UTC)
https://azturfsuppliers.com/about/,https://azturfsuppliers.com/accessories,https://azturfsuppliers.com/accessories/,308,18 May 2026 (00:27 UTC)
https://azturfsuppliers.com/about/,https://azturfsuppliers.com/products,https://azturfsuppliers.com/products/,308,18 May 2026 (00:27 UTC)
https://azturfsuppliers.com/about/,https://azturfsuppliers.com/queen-creek,https://azturfsuppliers.com/queen-creek/,308,18 May 2026 (00:27 UTC)
https://azturfsuppliers.com/about/,https://azturfsuppliers.com/resources,https://azturfsuppliers.com/resources/,308,18 May 2026 (00:27 UTC)
https://azturfsuppliers.com/about/,https://azturfsuppliers.com/contractors,https://azturfsuppliers.com/contractors/,308,18 May 2026 (00:27 UTC)
https://azturfsuppliers.com/accessories/,https://azturfsuppliers.com/natural-series,https://azturfsuppliers.com/natural-series/,308,25 May 2026 (00:28 UTC)
https://azturfsuppliers.com/accessories/,https://azturfsuppliers.com/mesa,https://azturfsuppliers.com/mesa/,308,18 May 2026 (00:27 UTC)
https://azturfsuppliers.com/accessories/,https://azturfsuppliers.com/spring-blend,https://azturfsuppliers.com/spring-blend/,308,25 May 2026 (00:28 UTC)
https://azturfsuppliers.com/accessories/,https://www.azturfsuppliers.com/accessories/,https://azturfsuppliers.com/accessories/,301,18 May 2026 (00:27 UTC)
https://azturfsuppliers.com/accessories/,https://azturfsuppliers.com/warranty,https://azturfsuppliers.com/warranty/,308,18 May 2026 (00:27 UTC)
https://azturfsuppliers.com/accessories/,https://azturfsuppliers.com/blog,https://azturfsuppliers.com/blog/,308,18 May 2026 (00:27 UTC)
https://azturfsuppliers.com/accessories/,https://azturfsuppliers.com/gallery,https://azturfsuppliers.com/gallery/,308,18 May 2026 (00:27 UTC)
https://azturfsuppliers.com/accessories/,https://azturfsuppliers.com/tempe,https://azturfsuppliers.com/tempe/,308,18 May 2026 (00:27 UTC)
https://azturfsuppliers.com/accessories/,https://azturfsuppliers.com/scottsdale,https://azturfsuppliers.com/scottsdale/,308,18 May 2026 (00:27 UTC)
https://azturfsuppliers.com/accessories/,https://azturfsuppliers.com/accessories,https://azturfsuppliers.com/accessories/,308,18 May 2026 (00:27 UTC)
https://azturfsuppliers.com/accessories/,https://azturfsuppliers.com/products,https://azturfsuppliers.com/products/,308,18 May 2026 (00:27 UTC)
https://azturfsuppliers.com/accessories/,https://azturfsuppliers.com/queen-creek,https://azturfsuppliers.com/queen-creek/,308,18 May 2026 (00:27 UTC)
https://azturfsuppliers.com/accessories/,https://azturfsuppliers.com/resources,https://azturfsuppliers.com/resources/,308,18 May 2026 (00:27 UTC)
https://azturfsuppliers.com/accessories/,https://azturfsuppliers.com/contractors,https://azturfsuppliers.com/contractors/,308,18 May 2026 (00:27 UTC)
https://azturfsuppliers.com/accessories/,https://azturfsuppliers.com/natural-stone,https://azturfsuppliers.com/natural-stone/,308,18 May 2026 (00:27 UTC)
https://azturfsuppliers.com/accessories/,https://azturfsuppliers.com/artificial-turf,https://azturfsuppliers.com/artificial-turf/,308,18 May 2026 (00:27 UTC)
https://azturfsuppliers.com/accessories/,https://azturfsuppliers.com/turf-calculator,https://azturfsuppliers.com/turf-calculator/,308,18 May 2026 (00:27 UTC)
https://azturfsuppliers.com/accessories/,https://azturfsuppliers.com/landscape-lighting,https://azturfsuppliers.com/landscape-lighting/,308,18 May 2026 (00:27 UTC)
https://azturfsuppliers.com/accessories/,https://azturfsuppliers.com/pavers,https://azturfsuppliers.com/pavers/,308,18 May 2026 (00:27 UTC)
https://azturfsuppliers.com/accessories/,https://azturfsuppliers.com/contact,https://azturfsuppliers.com/contact/,308,18 May 2026 (00:27 UTC)
https://azturfsuppliers.com/accessories/,https://azturfsuppliers.com/about,https://azturfsuppliers.com/about/,308,18 May 2026 (00:27 UTC)
https://azturfsuppliers.com/accessories/,https://azturfsuppliers.com/phoenix,https://azturfsuppliers.com/phoenix/,308,18 May 2026 (00:27 UTC)
https://azturfsuppliers.com/accessories/,https://azturfsuppliers.com/winter-series,https://azturfsuppliers.com/winter-series/,308,25 May 2026 (00:28 UTC)
https://azturfsuppliers.com/accessories/,https://azturfsuppliers.com/bermuda-blend,https://azturfsuppliers.com/bermuda-blend/,308,25 May 2026 (00:28 UTC)
https://azturfsuppliers.com/accessories/,https://azturfsuppliers.com/putting-green,https://azturfsuppliers.com/putting-green/,308,18 May 2026 (00:27 UTC)
https://azturfsuppliers.com/accessories/,https://azturfsuppliers.com/san-tan-valley,https://azturfsuppliers.com/san-tan-valley/,308,18 May 2026 (00:27 UTC)
https://azturfsuppliers.com/accessories/,https://azturfsuppliers.com/reviews,https://azturfsuppliers.com/reviews/,308,18 May 2026 (00:27 UTC)
https://azturfsuppliers.com/accessories/,https://azturfsuppliers.com/chandler,https://azturfsuppliers.com/chandler/,308,18 May 2026 (00:27 UTC)
https://azturfsuppliers.com/accessories/,https://azturfsuppliers.com/homeowners,https://azturfsuppliers.com/homeowners/,308,18 May 2026 (00:27 UTC)
https://azturfsuppliers.com/accessories/,https://azturfsuppliers.com/apache-junction,https://azturfsuppliers.com/apache-junction/,308,18 May 2026 (00:27 UTC)
https://azturfsuppliers.com/accessories/,https://azturfsuppliers.com/locations,https://azturfsuppliers.com/locations/,308,18 May 2026 (00:27 UTC)
https://azturfsuppliers.com/accessories/,https://azturfsuppliers.com/lead-free,https://azturfsuppliers.com/lead-free/,308,18 May 2026 (00:27 UTC)
https://azturfsuppliers.com/accessories/,https://azturfsuppliers.com/gilbert,https://azturfsuppliers.com/gilbert/,308,18 May 2026 (00:27 UTC)
https://azturfsuppliers.com/apache-junction/,https://azturfsuppliers.com/turf-calculator,https://azturfsuppliers.com/turf-calculator/,308,18 May 2026 (00:27 UTC)
https://azturfsuppliers.com/apache-junction/,https://azturfsuppliers.com/artificial-turf,https://azturfsuppliers.com/artificial-turf/,308,18 May 2026 (00:27 UTC)
https://azturfsuppliers.com/apache-junction/,https://azturfsuppliers.com/natural-stone,https://azturfsuppliers.com/natural-stone/,308,18 May 2026 (00:27 UTC)
https://azturfsuppliers.com/apache-junction/,https://azturfsuppliers.com/contractors,https://azturfsuppliers.com/contractors/,308,18 May 2026 (00:27 UTC)
https://azturfsuppliers.com/apache-junction/,https://azturfsuppliers.com/resources,https://azturfsuppliers.com/resources/,308,18 May 2026 (00:27 UTC)
https://azturfsuppliers.com/apache-junction/,https://azturfsuppliers.com/queen-creek,https://azturfsuppliers.com/queen-creek/,308,18 May 2026 (00:27 UTC)
https://azturfsuppliers.com/apache-junction/,https://azturfsuppliers.com/products,https://azturfsuppliers.com/products/,308,18 May 2026 (00:27 UTC)
https://azturfsuppliers.com/apache-junction/,https://azturfsuppliers.com/accessories,https://azturfsuppliers.com/accessories/,308,18 May 2026 (00:27 UTC)
https://azturfsuppliers.com/apache-junction/,https://azturfsuppliers.com/scottsdale,https://azturfsuppliers.com/scottsdale/,308,18 May 2026 (00:27 UTC)
https://azturfsuppliers.com/apache-junction/,https://azturfsuppliers.com/tempe,https://azturfsuppliers.com/tempe/,308,18 May 2026 (00:27 UTC)
https://azturfsuppliers.com/apache-junction/,https://azturfsuppliers.com/gallery,https://azturfsuppliers.com/gallery/,308,18 May 2026 (00:27 UTC)
https://azturfsuppliers.com/apache-junction/,https://azturfsuppliers.com/blog,https://azturfsuppliers.com/blog/,308,18 May 2026 (00:27 UTC)
https://azturfsuppliers.com/apache-junction/,https://azturfsuppliers.com/warranty,https://azturfsuppliers.com/warranty/,308,18 May 2026 (00:27 UTC)
https://azturfsuppliers.com/apache-junction/,https://azturfsuppliers.com/natural-series,https://azturfsuppliers.com/natural-series/,308,25 May 2026 (00:28 UTC)
https://azturfsuppliers.com/apache-junction/,https://azturfsuppliers.com/spring-blend,https://azturfsuppliers.com/spring-blend/,308,25 May 2026 (00:28 UTC)
https://azturfsuppliers.com/apache-junction/,https://azturfsuppliers.com/about,https://azturfsuppliers.com/about/,308,18 May 2026 (00:27 UTC)
https://azturfsuppliers.com/apache-junction/,https://azturfsuppliers.com/mesa,https://azturfsuppliers.com/mesa/,308,18 May 2026 (00:27 UTC)
https://azturfsuppliers.com/apache-junction/,https://azturfsuppliers.com/contact,https://azturfsuppliers.com/contact/,308,18 May 2026 (00:27 UTC)
https://azturfsuppliers.com/apache-junction/,https://azturfsuppliers.com/landscape-lighting,https://azturfsuppliers.com/landscape-lighting/,308,18 May 2026 (00:27 UTC)
https://azturfsuppliers.com/apache-junction/,https://www.azturfsuppliers.com/apache-junction/,https://azturfsuppliers.com/apache-junction/,301,18 May 2026 (00:27 UTC)
https://azturfsuppliers.com/apache-junction/,https://azturfsuppliers.com/phoenix,https://azturfsuppliers.com/phoenix/,308,18 May 2026 (00:27 UTC)
https://azturfsuppliers.com/apache-junction/,https://azturfsuppliers.com/winter-series,https://azturfsuppliers.com/winter-series/,308,25 May 2026 (00:28 UTC)
https://azturfsuppliers.com/apache-junction/,https://azturfsuppliers.com/bermuda-blend,https://azturfsuppliers.com/bermuda-blend/,308,25 May 2026 (00:28 UTC)
https://azturfsuppliers.com/apache-junction/,https://azturfsuppliers.com/putting-green,https://azturfsuppliers.com/putting-green/,308,18 May 2026 (00:27 UTC)
https://azturfsuppliers.com/apache-junction/,https://azturfsuppliers.com/san-tan-valley,https://azturfsuppliers.com/san-tan-valley/,308,18 May 2026 (00:27 UTC)
https://azturfsuppliers.com/apache-junction/,https://azturfsuppliers.com/reviews,https://azturfsuppliers.com/reviews/,308,18 May 2026 (00:27 UTC)
https://azturfsuppliers.com/apache-junction/,https://azturfsuppliers.com/homeowners,https://azturfsuppliers.com/homeowners/,308,18 May 2026 (00:27 UTC)
https://azturfsuppliers.com/apache-junction/,https://azturfsuppliers.com/apache-junction,https://azturfsuppliers.com/apache-junction/,308,18 May 2026 (00:27 UTC)
https://azturfsuppliers.com/apache-junction/,https://azturfsuppliers.com/locations,https://azturfsuppliers.com/locations/,308,18 May 2026 (00:27 UTC)
https://azturfsuppliers.com/apache-junction/,https://azturfsuppliers.com/lead-free,https://azturfsuppliers.com/lead-free/,308,18 May 2026 (00:27 UTC)
https://azturfsuppliers.com/apache-junction/,https://azturfsuppliers.com/gilbert,https://azturfsuppliers.com/gilbert/,308,18 May 2026 (00:27 UTC)
https://azturfsuppliers.com/apache-junction/,https://azturfsuppliers.com/pavers,https://azturfsuppliers.com/pavers/,308,18 May 2026 (00:27 UTC)
https://azturfsuppliers.com/apache-junction/,https://azturfsuppliers.com/chandler,https://azturfsuppliers.com/chandler/,308,18 May 2026 (00:27 UTC)
https://azturfsuppliers.com/artificial-turf/,https://azturfsuppliers.com/landscape-lighting,https://azturfsuppliers.com/landscape-lighting/,308,18 May 2026 (00:27 UTC)
https://azturfsuppliers.com/artificial-turf/,https://azturfsuppliers.com/winter-blend-84,https://azturfsuppliers.com/winter-blend-84/,308,18 May 2026 (00:27 UTC)
https://azturfsuppliers.com/artificial-turf/,https://azturfsuppliers.com/bermuda-blend-93,https://azturfsuppliers.com/bermuda-blend-93/,308,18 May 2026 (00:27 UTC)
https://azturfsuppliers.com/artificial-turf/,https://azturfsuppliers.com/contact,https://azturfsuppliers.com/contact/,308,18 May 2026 (00:27 UTC)
https://azturfsuppliers.com/artificial-turf/,https://azturfsuppliers.com/natural-blend-84,https://azturfsuppliers.com/natural-blend-84/,308,18 May 2026 (00:27 UTC)
https://azturfsuppliers.com/artificial-turf/,https://azturfsuppliers.com/pavers,https://azturfsuppliers.com/pavers/,308,18 May 2026 (00:27 UTC)
https://azturfsuppliers.com/artificial-turf/,https://azturfsuppliers.com/gilbert,https://azturfsuppliers.com/gilbert/,308,18 May 2026 (00:27 UTC)
https://azturfsuppliers.com/artificial-turf/,https://azturfsuppliers.com/lead-free,https://azturfsuppliers.com/lead-free/,308,18 May 2026 (00:27 UTC)
https://azturfsuppliers.com/artificial-turf/,https://azturfsuppliers.com/locations,https://azturfsuppliers.com/locations/,308,18 May 2026 (00:27 UTC)
https://azturfsuppliers.com/artificial-turf/,https://azturfsuppliers.com/tempe,https://azturfsuppliers.com/tempe/,308,18 May 2026 (00:27 UTC)
https://azturfsuppliers.com/artificial-turf/,https://azturfsuppliers.com/turf-calculator,https://azturfsuppliers.com/turf-calculator/,308,18 May 2026 (00:27 UTC)
https://azturfsuppliers.com/artificial-turf/,https://azturfsuppliers.com/winter-blend-103,https://azturfsuppliers.com/winter-blend-103/,308,18 May 2026 (00:27 UTC)
https://azturfsuppliers.com/artificial-turf/,https://azturfsuppliers.com/artificial-turf,https://azturfsuppliers.com/artificial-turf/,308,18 May 2026 (00:27 UTC)
https://azturfsuppliers.com/artificial-turf/,https://azturfsuppliers.com/natural-stone,https://azturfsuppliers.com/natural-stone/,308,18 May 2026 (00:27 UTC)
https://azturfsuppliers.com/artificial-turf/,https://azturfsuppliers.com/contractors,https://azturfsuppliers.com/contractors/,308,18 May 2026 (00:27 UTC)
https://azturfsuppliers.com/artificial-turf/,https://azturfsuppliers.com/resources,https://azturfsuppliers.com/resources/,308,18 May 2026 (00:27 UTC)
https://azturfsuppliers.com/artificial-turf/,https://azturfsuppliers.com/queen-creek,https://azturfsuppliers.com/queen-creek/,308,18 May 2026 (00:27 UTC)
https://azturfsuppliers.com/artificial-turf/,https://azturfsuppliers.com/products,https://azturfsuppliers.com/products/,308,18 May 2026 (00:27 UTC)
https://azturfsuppliers.com/artificial-turf/,https://azturfsuppliers.com/accessories,https://azturfsuppliers.com/accessories/,308,18 May 2026 (00:27 UTC)
https://azturfsuppliers.com/artificial-turf/,https://azturfsuppliers.com/scottsdale,https://azturfsuppliers.com/scottsdale/,308,18 May 2026 (00:27 UTC)
https://azturfsuppliers.com/artificial-turf/,https://azturfsuppliers.com/homeowners,https://azturfsuppliers.com/homeowners/,308,18 May 2026 (00:27 UTC)
https://azturfsuppliers.com/artificial-turf/,https://azturfsuppliers.com/gallery,https://azturfsuppliers.com/gallery/,308,18 May 2026 (00:27 UTC)
https://azturfsuppliers.com/artificial-turf/,https://azturfsuppliers.com/blog,https://azturfsuppliers.com/blog/,308,18 May 2026 (00:27 UTC)
https://azturfsuppliers.com/artificial-turf/,https://azturfsuppliers.com/warranty,https://azturfsuppliers.com/warranty/,308,18 May 2026 (00:27 UTC)
https://azturfsuppliers.com/artificial-turf/,https://azturfsuppliers.com/natural-series,https://azturfsuppliers.com/natural-series/,308,25 May 2026 (00:28 UTC)
https://azturfsuppliers.com/artificial-turf/,https://azturfsuppliers.com/spring-blend,https://azturfsuppliers.com/spring-blend/,308,25 May 2026 (00:28 UTC)
https://azturfsuppliers.com/artificial-turf/,https://azturfsuppliers.com/about,https://azturfsuppliers.com/about/,308,18 May 2026 (00:27 UTC)
https://azturfsuppliers.com/artificial-turf/,https://azturfsuppliers.com/spring-blend-107,https://azturfsuppliers.com/spring-blend-107/,308,18 May 2026 (00:27 UTC)
https://azturfsuppliers.com/artificial-turf/,https://azturfsuppliers.com/mesa,https://azturfsuppliers.com/mesa/,308,18 May 2026 (00:27 UTC)
https://azturfsuppliers.com/artificial-turf/,https://azturfsuppliers.com/spring-blend-87,https://azturfsuppliers.com/spring-blend-87/,308,18 May 2026 (00:27 UTC)
https://azturfsuppliers.com/artificial-turf/,https://www.azturfsuppliers.com/artificial-turf/,https://azturfsuppliers.com/artificial-turf/,301,18 May 2026 (00:27 UTC)
https://azturfsuppliers.com/artificial-turf/,https://azturfsuppliers.com/phoenix,https://azturfsuppliers.com/phoenix/,308,18 May 2026 (00:27 UTC)
https://azturfsuppliers.com/artificial-turf/,https://azturfsuppliers.com/winter-series,https://azturfsuppliers.com/winter-series/,308,25 May 2026 (00:28 UTC)
https://azturfsuppliers.com/artificial-turf/,https://azturfsuppliers.com/bermuda-blend,https://azturfsuppliers.com/bermuda-blend/,308,25 May 2026 (00:28 UTC)
https://azturfsuppliers.com/artificial-turf/,https://azturfsuppliers.com/natural-blend-75,https://azturfsuppliers.com/natural-blend-75/,308,18 May 2026 (00:27 UTC)
https://azturfsuppliers.com/artificial-turf/,https://azturfsuppliers.com/bermuda-blend-70,https://azturfsuppliers.com/bermuda-blend-70/,308,18 May 2026 (00:27 UTC)
https://azturfsuppliers.com/artificial-turf/,https://azturfsuppliers.com/putting-green,https://azturfsuppliers.com/putting-green/,308,18 May 2026 (00:27 UTC)
https://azturfsuppliers.com/artificial-turf/,https://azturfsuppliers.com/san-tan-valley,https://azturfsuppliers.com/san-tan-valley/,308,18 May 2026 (00:27 UTC)
https://azturfsuppliers.com/artificial-turf/,https://azturfsuppliers.com/reviews,https://azturfsuppliers.com/reviews/,308,18 May 2026 (00:27 UTC)
https://azturfsuppliers.com/artificial-turf/,https://azturfsuppliers.com/chandler,https://azturfsuppliers.com/chandler/,308,18 May 2026 (00:27 UTC)
https://azturfsuppliers.com/artificial-turf/,https://azturfsuppliers.com/apache-junction,https://azturfsuppliers.com/apache-junction/,308,18 May 2026 (00:27 UTC)
https://azturfsuppliers.com/bermuda-blend-70/,https://azturfsuppliers.com/gilbert,https://azturfsuppliers.com/gilbert/,308,18 May 2026 (00:27 UTC)
https://azturfsuppliers.com/bermuda-blend-70/,https://azturfsuppliers.com/phoenix,https://azturfsuppliers.com/phoenix/,308,18 May 2026 (00:27 UTC)
https://azturfsuppliers.com/bermuda-blend-70/,https://azturfsuppliers.com/mesa,https://azturfsuppliers.com/mesa/,308,18 May 2026 (00:27 UTC)
https://azturfsuppliers.com/bermuda-blend-70/,https://azturfsuppliers.com/about,https://azturfsuppliers.com/about/,308,18 May 2026 (00:27 UTC)
https://azturfsuppliers.com/bermuda-blend-70/,https://azturfsuppliers.com/spring-blend,https://azturfsuppliers.com/spring-blend/,308,25 May 2026 (00:28 UTC)
https://azturfsuppliers.com/bermuda-blend-70/,https://azturfsuppliers.com/natural-series,https://azturfsuppliers.com/natural-series/,308,25 May 2026 (00:28 UTC)
https://azturfsuppliers.com/bermuda-blend-70/,https://azturfsuppliers.com/warranty,https://azturfsuppliers.com/warranty/,308,18 May 2026 (00:27 UTC)
https://azturfsuppliers.com/bermuda-blend-70/,https://azturfsuppliers.com/blog,https://azturfsuppliers.com/blog/,308,18 May 2026 (00:27 UTC)
https://azturfsuppliers.com/bermuda-blend-70/,https://azturfsuppliers.com/gallery,https://azturfsuppliers.com/gallery/,308,18 May 2026 (00:27 UTC)
https://azturfsuppliers.com/bermuda-blend-70/,https://azturfsuppliers.com/tempe,https://azturfsuppliers.com/tempe/,308,18 May 2026 (00:27 UTC)
https://azturfsuppliers.com/bermuda-blend-70/,https://azturfsuppliers.com/scottsdale,https://azturfsuppliers.com/scottsdale/,308,18 May 2026 (00:27 UTC)
https://azturfsuppliers.com/bermuda-blend-70/,https://azturfsuppliers.com/accessories,https://azturfsuppliers.com/accessories/,308,18 May 2026 (00:27 UTC)
https://azturfsuppliers.com/bermuda-blend-70/,https://azturfsuppliers.com/products,https://azturfsuppliers.com/products/,308,18 May 2026 (00:27 UTC)
https://azturfsuppliers.com/bermuda-blend-70/,https://azturfsuppliers.com/queen-creek,https://azturfsuppliers.com/queen-creek/,308,18 May 2026 (00:27 UTC)
https://azturfsuppliers.com/bermuda-blend-70/,https://azturfsuppliers.com/resources,https://azturfsuppliers.com/resources/,308,18 May 2026 (00:27 UTC)
https://azturfsuppliers.com/bermuda-blend-70/,https://azturfsuppliers.com/contractors,https://azturfsuppliers.com/contractors/,308,18 May 2026 (00:27 UTC)
https://azturfsuppliers.com/bermuda-blend-70/,https://azturfsuppliers.com/natural-stone,https://azturfsuppliers.com/natural-stone/,308,18 May 2026 (00:27 UTC)
https://azturfsuppliers.com/bermuda-blend-70/,https://azturfsuppliers.com/turf-calculator,https://azturfsuppliers.com/turf-calculator/,308,18 May 2026 (00:27 UTC)
https://azturfsuppliers.com/bermuda-blend-70/,https://www.azturfsuppliers.com/bermuda-blend-70/,https://azturfsuppliers.com/bermuda-blend-70/,301,18 May 2026 (00:27 UTC)
https://azturfsuppliers.com/bermuda-blend-70/,https://azturfsuppliers.com/winter-series,https://azturfsuppliers.com/winter-series/,308,25 May 2026 (00:28 UTC)
https://azturfsuppliers.com/bermuda-blend-70/,https://azturfsuppliers.com/bermuda-blend,https://azturfsuppliers.com/bermuda-blend/,308,25 May 2026 (00:28 UTC)
https://azturfsuppliers.com/bermuda-blend-70/,https://azturfsuppliers.com/putting-green,https://azturfsuppliers.com/putting-green/,308,18 May 2026 (00:27 UTC)
https://azturfsuppliers.com/bermuda-blend-70/,https://azturfsuppliers.com/san-tan-valley,https://azturfsuppliers.com/san-tan-valley/,308,18 May 2026 (00:27 UTC)
https://azturfsuppliers.com/bermuda-blend-70/,https://azturfsuppliers.com/reviews,https://azturfsuppliers.com/reviews/,308,18 May 2026 (00:27 UTC)
https://azturfsuppliers.com/bermuda-blend-70/,https://azturfsuppliers.com/chandler,https://azturfsuppliers.com/chandler/,308,18 May 2026 (00:27 UTC)
https://azturfsuppliers.com/bermuda-blend-70/,https://azturfsuppliers.com/homeowners,https://azturfsuppliers.com/homeowners/,308,18 May 2026 (00:27 UTC)
https://azturfsuppliers.com/bermuda-blend-70/,https://azturfsuppliers.com/apache-junction,https://azturfsuppliers.com/apache-junction/,308,18 May 2026 (00:27 UTC)
https://azturfsuppliers.com/bermuda-blend-70/,https://azturfsuppliers.com/locations,https://azturfsuppliers.com/locations/,308,18 May 2026 (00:27 UTC)
https://azturfsuppliers.com/bermuda-blend-70/,https://azturfsuppliers.com/lead-free,https://azturfsuppliers.com/lead-free/,308,18 May 2026 (00:27 UTC)
https://azturfsuppliers.com/bermuda-blend-70/,https://azturfsuppliers.com/pavers,https://azturfsuppliers.com/pavers/,308,18 May 2026 (00:27 UTC)
https://azturfsuppliers.com/bermuda-blend-70/,https://azturfsuppliers.com/contact,https://azturfsuppliers.com/contact/,308,18 May 2026 (00:27 UTC)
https://azturfsuppliers.com/bermuda-blend-70/,https://azturfsuppliers.com/landscape-lighting,https://azturfsuppliers.com/landscape-lighting/,308,18 May 2026 (00:27 UTC)
https://azturfsuppliers.com/bermuda-blend-70/,https://azturfsuppliers.com/artificial-turf,https://azturfsuppliers.com/artificial-turf/,308,18 May 2026 (00:27 UTC)
https://azturfsuppliers.com/bermuda-blend-93/,https://azturfsuppliers.com/lead-free,https://azturfsuppliers.com/lead-free/,308,18 May 2026 (00:27 UTC)
https://azturfsuppliers.com/bermuda-blend-93/,https://azturfsuppliers.com/chandler,https://azturfsuppliers.com/chandler/,308,18 May 2026 (00:27 UTC)
https://azturfsuppliers.com/bermuda-blend-93/,https://azturfsuppliers.com/turf-calculator,https://azturfsuppliers.com/turf-calculator/,308,18 May 2026 (00:27 UTC)
https://azturfsuppliers.com/bermuda-blend-93/,https://azturfsuppliers.com/landscape-lighting,https://azturfsuppliers.com/landscape-lighting/,308,18 May 2026 (00:27 UTC)
https://azturfsuppliers.com/bermuda-blend-93/,https://azturfsuppliers.com/contact,https://azturfsuppliers.com/contact/,308,18 May 2026 (00:27 UTC)
https://azturfsuppliers.com/bermuda-blend-93/,https://azturfsuppliers.com/pavers,https://azturfsuppliers.com/pavers/,308,18 May 2026 (00:27 UTC)
https://azturfsuppliers.com/bermuda-blend-93/,https://azturfsuppliers.com/gilbert,https://azturfsuppliers.com/gilbert/,308,18 May 2026 (00:27 UTC)
https://azturfsuppliers.com/bermuda-blend-93/,https://azturfsuppliers.com/locations,https://azturfsuppliers.com/locations/,308,18 May 2026 (00:27 UTC)
https://azturfsuppliers.com/bermuda-blend-93/,https://azturfsuppliers.com/apache-junction,https://azturfsuppliers.com/apache-junction/,308,18 May 2026 (00:27 UTC)
https://azturfsuppliers.com/bermuda-blend-93/,https://azturfsuppliers.com/homeowners,https://azturfsuppliers.com/homeowners/,308,18 May 2026 (00:27 UTC)
https://azturfsuppliers.com/bermuda-blend-93/,https://azturfsuppliers.com/artificial-turf,https://azturfsuppliers.com/artificial-turf/,308,18 May 2026 (00:27 UTC)
https://azturfsuppliers.com/bermuda-blend-93/,https://azturfsuppliers.com/reviews,https://azturfsuppliers.com/reviews/,308,18 May 2026 (00:27 UTC)
https://azturfsuppliers.com/bermuda-blend-93/,https://azturfsuppliers.com/san-tan-valley,https://azturfsuppliers.com/san-tan-valley/,308,18 May 2026 (00:27 UTC)
https://azturfsuppliers.com/bermuda-blend-93/,https://azturfsuppliers.com/putting-green,https://azturfsuppliers.com/putting-green/,308,18 May 2026 (00:27 UTC)
https://azturfsuppliers.com/bermuda-blend-93/,https://azturfsuppliers.com/bermuda-blend,https://azturfsuppliers.com/bermuda-blend/,308,25 May 2026 (00:28 UTC)
https://azturfsuppliers.com/bermuda-blend-93/,https://azturfsuppliers.com/winter-series,https://azturfsuppliers.com/winter-series/,308,25 May 2026 (00:28 UTC)
https://azturfsuppliers.com/bermuda-blend-93/,https://azturfsuppliers.com/phoenix,https://azturfsuppliers.com/phoenix/,308,18 May 2026 (00:27 UTC)
https://azturfsuppliers.com/bermuda-blend-93/,https://www.azturfsuppliers.com/bermuda-blend-93/,https://azturfsuppliers.com/bermuda-blend-93/,301,18 May 2026 (00:27 UTC)
https://azturfsuppliers.com/bermuda-blend-93/,https://azturfsuppliers.com/natural-stone,https://azturfsuppliers.com/natural-stone/,308,18 May 2026 (00:27 UTC)
https://azturfsuppliers.com/bermuda-blend-93/,https://azturfsuppliers.com/mesa,https://azturfsuppliers.com/mesa/,308,18 May 2026 (00:27 UTC)
https://azturfsuppliers.com/bermuda-blend-93/,https://azturfsuppliers.com/about,https://azturfsuppliers.com/about/,308,18 May 2026 (00:27 UTC)
https://azturfsuppliers.com/bermuda-blend-93/,https://azturfsuppliers.com/spring-blend,https://azturfsuppliers.com/spring-blend/,308,25 May 2026 (00:28 UTC)
https://azturfsuppliers.com/bermuda-blend-93/,https://azturfsuppliers.com/natural-series,https://azturfsuppliers.com/natural-series/,308,25 May 2026 (00:28 UTC)
https://azturfsuppliers.com/bermuda-blend-93/,https://azturfsuppliers.com/warranty,https://azturfsuppliers.com/warranty/,308,18 May 2026 (00:27 UTC)
https://azturfsuppliers.com/bermuda-blend-93/,https://azturfsuppliers.com/blog,https://azturfsuppliers.com/blog/,308,18 May 2026 (00:27 UTC)
https://azturfsuppliers.com/bermuda-blend-93/,https://azturfsuppliers.com/gallery,https://azturfsuppliers.com/gallery/,308,18 May 2026 (00:27 UTC)
https://azturfsuppliers.com/bermuda-blend-93/,https://azturfsuppliers.com/tempe,https://azturfsuppliers.com/tempe/,308,18 May 2026 (00:27 UTC)
https://azturfsuppliers.com/bermuda-blend-93/,https://azturfsuppliers.com/scottsdale,https://azturfsuppliers.com/scottsdale/,308,18 May 2026 (00:27 UTC)
https://azturfsuppliers.com/bermuda-blend-93/,https://azturfsuppliers.com/accessories,https://azturfsuppliers.com/accessories/,308,18 May 2026 (00:27 UTC)
https://azturfsuppliers.com/bermuda-blend-93/,https://azturfsuppliers.com/products,https://azturfsuppliers.com/products/,308,18 May 2026 (00:27 UTC)
https://azturfsuppliers.com/bermuda-blend-93/,https://azturfsuppliers.com/queen-creek,https://azturfsuppliers.com/queen-creek/,308,18 May 2026 (00:27 UTC)
https://azturfsuppliers.com/bermuda-blend-93/,https://azturfsuppliers.com/resources,https://azturfsuppliers.com/resources/,308,18 May 2026 (00:27 UTC)
https://azturfsuppliers.com/bermuda-blend-93/,https://azturfsuppliers.com/contractors,https://azturfsuppliers.com/contractors/,308,18 May 2026 (00:27 UTC)
https://azturfsuppliers.com/bermuda-blend/,https://azturfsuppliers.com/accessories,https://azturfsuppliers.com/accessories/,308,25 May 2026 (00:28 UTC)
https://azturfsuppliers.com/bermuda-blend/,https://azturfsuppliers.com/scottsdale,https://azturfsuppliers.com/scottsdale/,308,25 May 2026 (00:28 UTC)
https://azturfsuppliers.com/bermuda-blend/,https://azturfsuppliers.com/landscape-lighting,https://azturfsuppliers.com/landscape-lighting/,308,25 May 2026 (00:28 UTC)
https://azturfsuppliers.com/bermuda-blend/,https://azturfsuppliers.com/homeowners,https://azturfsuppliers.com/homeowners/,308,25 May 2026 (00:28 UTC)
https://azturfsuppliers.com/bermuda-blend/,https://azturfsuppliers.com/apache-junction,https://azturfsuppliers.com/apache-junction/,308,25 May 2026 (00:28 UTC)
https://azturfsuppliers.com/bermuda-blend/,https://azturfsuppliers.com/locations,https://azturfsuppliers.com/locations/,308,25 May 2026 (00:28 UTC)
https://azturfsuppliers.com/bermuda-blend/,https://azturfsuppliers.com/lead-free,https://azturfsuppliers.com/lead-free/,308,25 May 2026 (00:28 UTC)
https://azturfsuppliers.com/bermuda-blend/,https://azturfsuppliers.com/gilbert,https://azturfsuppliers.com/gilbert/,308,25 May 2026 (00:28 UTC)
https://azturfsuppliers.com/bermuda-blend/,https://azturfsuppliers.com/pavers,https://azturfsuppliers.com/pavers/,308,25 May 2026 (00:28 UTC)
https://azturfsuppliers.com/bermuda-blend/,https://azturfsuppliers.com/contact,https://azturfsuppliers.com/contact/,308,25 May 2026 (00:28 UTC)
https://azturfsuppliers.com/bermuda-blend/,https://azturfsuppliers.com/bermuda-blend-93,https://azturfsuppliers.com/bermuda-blend-93/,308,25 May 2026 (00:28 UTC)
https://azturfsuppliers.com/bermuda-blend/,https://azturfsuppliers.com/about,https://azturfsuppliers.com/about/,308,25 May 2026 (00:28 UTC)
https://azturfsuppliers.com/bermuda-blend/,https://azturfsuppliers.com/turf-calculator,https://azturfsuppliers.com/turf-calculator/,308,25 May 2026 (00:28 UTC)
https://azturfsuppliers.com/bermuda-blend/,https://azturfsuppliers.com/artificial-turf,https://azturfsuppliers.com/artificial-turf/,308,25 May 2026 (00:28 UTC)
https://azturfsuppliers.com/bermuda-blend/,https://azturfsuppliers.com/natural-stone,https://azturfsuppliers.com/natural-stone/,308,25 May 2026 (00:28 UTC)
https://azturfsuppliers.com/bermuda-blend/,https://azturfsuppliers.com/contractors,https://azturfsuppliers.com/contractors/,308,25 May 2026 (00:28 UTC)
https://azturfsuppliers.com/bermuda-blend/,https://azturfsuppliers.com/resources,https://azturfsuppliers.com/resources/,308,25 May 2026 (00:28 UTC)
https://azturfsuppliers.com/bermuda-blend/,https://azturfsuppliers.com/queen-creek,https://azturfsuppliers.com/queen-creek/,308,25 May 2026 (00:28 UTC)
https://azturfsuppliers.com/bermuda-blend/,https://azturfsuppliers.com/products,https://azturfsuppliers.com/products/,308,25 May 2026 (00:28 UTC)
https://azturfsuppliers.com/bermuda-blend/,https://azturfsuppliers.com/reviews,https://azturfsuppliers.com/reviews/,308,25 May 2026 (00:28 UTC)
https://azturfsuppliers.com/bermuda-blend/,https://azturfsuppliers.com/chandler,https://azturfsuppliers.com/chandler/,308,25 May 2026 (00:28 UTC)
https://azturfsuppliers.com/bermuda-blend/,https://azturfsuppliers.com/spring-blend,https://azturfsuppliers.com/spring-blend/,308,25 May 2026 (00:28 UTC)
https://azturfsuppliers.com/bermuda-blend/,https://azturfsuppliers.com/natural-series,https://azturfsuppliers.com/natural-series/,308,25 May 2026 (00:28 UTC)
https://azturfsuppliers.com/bermuda-blend/,https://azturfsuppliers.com/warranty,https://azturfsuppliers.com/warranty/,308,25 May 2026 (00:28 UTC)
https://azturfsuppliers.com/bermuda-blend/,https://azturfsuppliers.com/blog,https://azturfsuppliers.com/blog/,308,25 May 2026 (00:28 UTC)
https://azturfsuppliers.com/bermuda-blend/,https://azturfsuppliers.com/gallery,https://azturfsuppliers.com/gallery/,308,25 May 2026 (00:28 UTC)
https://azturfsuppliers.com/bermuda-blend/,https://azturfsuppliers.com/tempe,https://azturfsuppliers.com/tempe/,308,25 May 2026 (00:28 UTC)
https://azturfsuppliers.com/bermuda-blend/,https://www.azturfsuppliers.com/bermuda-blend/,https://azturfsuppliers.com/bermuda-blend/,301,25 May 2026 (00:28 UTC)
https://azturfsuppliers.com/bermuda-blend/,https://azturfsuppliers.com/phoenix,https://azturfsuppliers.com/phoenix/,308,25 May 2026 (00:28 UTC)
https://azturfsuppliers.com/bermuda-blend/,https://azturfsuppliers.com/winter-series,https://azturfsuppliers.com/winter-series/,308,25 May 2026 (00:28 UTC)
https://azturfsuppliers.com/bermuda-blend/,https://azturfsuppliers.com/bermuda-blend,https://azturfsuppliers.com/bermuda-blend/,308,25 May 2026 (00:28 UTC)
https://azturfsuppliers.com/bermuda-blend/,https://azturfsuppliers.com/mesa,https://azturfsuppliers.com/mesa/,308,25 May 2026 (00:28 UTC)
https://azturfsuppliers.com/bermuda-blend/,https://azturfsuppliers.com/bermuda-blend-70,https://azturfsuppliers.com/bermuda-blend-70/,308,25 May 2026 (00:28 UTC)
https://azturfsuppliers.com/bermuda-blend/,https://azturfsuppliers.com/putting-green,https://azturfsuppliers.com/putting-green/,308,25 May 2026 (00:28 UTC)
https://azturfsuppliers.com/bermuda-blend/,https://azturfsuppliers.com/san-tan-valley,https://azturfsuppliers.com/san-tan-valley/,308,25 May 2026 (00:28 UTC)
https://azturfsuppliers.com/blog/,https://azturfsuppliers.com/artificial-turf,https://azturfsuppliers.com/artificial-turf/,308,18 May 2026 (00:27 UTC)
https://azturfsuppliers.com/blog/,https://azturfsuppliers.com/natural-stone,https://azturfsuppliers.com/natural-stone/,308,18 May 2026 (00:27 UTC)
https://azturfsuppliers.com/blog/,https://azturfsuppliers.com/contractors,https://azturfsuppliers.com/contractors/,308,18 May 2026 (00:27 UTC)
https://azturfsuppliers.com/blog/,https://azturfsuppliers.com/resources,https://azturfsuppliers.com/resources/,308,18 May 2026 (00:27 UTC)
https://azturfsuppliers.com/blog/,https://azturfsuppliers.com/queen-creek,https://azturfsuppliers.com/queen-creek/,308,18 May 2026 (00:27 UTC)
https://azturfsuppliers.com/blog/,https://azturfsuppliers.com/products,https://azturfsuppliers.com/products/,308,18 May 2026 (00:27 UTC)
https://azturfsuppliers.com/blog/,https://azturfsuppliers.com/accessories,https://azturfsuppliers.com/accessories/,308,18 May 2026 (00:27 UTC)
https://azturfsuppliers.com/blog/,https://azturfsuppliers.com/scottsdale,https://azturfsuppliers.com/scottsdale/,308,18 May 2026 (00:27 UTC)
https://azturfsuppliers.com/blog/,https://azturfsuppliers.com/blog/artificial-turf-installation-guide-arizona,https://azturfsuppliers.com/blog/artificial-turf-installation-guide-arizona/,308,18 May 2026 (00:27 UTC)
https://azturfsuppliers.com/blog/,https://azturfsuppliers.com/tempe,https://azturfsuppliers.com/tempe/,308,18 May 2026 (00:27 UTC)
https://azturfsuppliers.com/blog/,https://azturfsuppliers.com/gallery,https://azturfsuppliers.com/gallery/,308,18 May 2026 (00:27 UTC)
https://azturfsuppliers.com/blog/,https://azturfsuppliers.com/blog,https://azturfsuppliers.com/blog/,308,18 May 2026 (00:27 UTC)
https://azturfsuppliers.com/blog/,https://azturfsuppliers.com/warranty,https://azturfsuppliers.com/warranty/,308,18 May 2026 (00:27 UTC)
https://azturfsuppliers.com/blog/,https://azturfsuppliers.com/natural-series,https://azturfsuppliers.com/natural-series/,308,25 May 2026 (00:28 UTC)
https://azturfsuppliers.com/blog/,https://azturfsuppliers.com/spring-blend,https://azturfsuppliers.com/spring-blend/,308,25 May 2026 (00:28 UTC)
https://azturfsuppliers.com/blog/,https://azturfsuppliers.com/about,https://azturfsuppliers.com/about/,308,18 May 2026 (00:27 UTC)
https://azturfsuppliers.com/blog/,https://azturfsuppliers.com/mesa,https://azturfsuppliers.com/mesa/,308,18 May 2026 (00:27 UTC)
https://azturfsuppliers.com/blog/,https://azturfsuppliers.com/homeowners,https://azturfsuppliers.com/homeowners/,308,18 May 2026 (00:27 UTC)
https://azturfsuppliers.com/blog/,https://www.azturfsuppliers.com/blog/,https://azturfsuppliers.com/blog/,301,18 May 2026 (00:27 UTC)
https://azturfsuppliers.com/blog/,https://azturfsuppliers.com/phoenix,https://azturfsuppliers.com/phoenix/,308,18 May 2026 (00:27 UTC)
https://azturfsuppliers.com/blog/,https://azturfsuppliers.com/winter-series,https://azturfsuppliers.com/winter-series/,308,25 May 2026 (00:28 UTC)
https://azturfsuppliers.com/blog/,https://azturfsuppliers.com/bermuda-blend,https://azturfsuppliers.com/bermuda-blend/,308,25 May 2026 (00:28 UTC)
https://azturfsuppliers.com/blog/,https://azturfsuppliers.com/putting-green,https://azturfsuppliers.com/putting-green/,308,18 May 2026 (00:27 UTC)
https://azturfsuppliers.com/blog/,https://azturfsuppliers.com/san-tan-valley,https://azturfsuppliers.com/san-tan-valley/,308,18 May 2026 (00:27 UTC)
https://azturfsuppliers.com/blog/,https://azturfsuppliers.com/reviews,https://azturfsuppliers.com/reviews/,308,18 May 2026 (00:27 UTC)
https://azturfsuppliers.com/blog/,https://azturfsuppliers.com/chandler,https://azturfsuppliers.com/chandler/,308,18 May 2026 (00:27 UTC)
https://azturfsuppliers.com/blog/,https://azturfsuppliers.com/turf-calculator,https://azturfsuppliers.com/turf-calculator/,308,18 May 2026 (00:27 UTC)
https://azturfsuppliers.com/blog/,https://azturfsuppliers.com/apache-junction,https://azturfsuppliers.com/apache-junction/,308,18 May 2026 (00:27 UTC)
https://azturfsuppliers.com/blog/,https://azturfsuppliers.com/locations,https://azturfsuppliers.com/locations/,308,18 May 2026 (00:27 UTC)
https://azturfsuppliers.com/blog/,https://azturfsuppliers.com/lead-free,https://azturfsuppliers.com/lead-free/,308,18 May 2026 (00:27 UTC)
https://azturfsuppliers.com/blog/,https://azturfsuppliers.com/gilbert,https://azturfsuppliers.com/gilbert/,308,18 May 2026 (00:27 UTC)
https://azturfsuppliers.com/blog/,https://azturfsuppliers.com/pavers,https://azturfsuppliers.com/pavers/,308,18 May 2026 (00:27 UTC)
https://azturfsuppliers.com/blog/,https://azturfsuppliers.com/contact,https://azturfsuppliers.com/contact/,308,18 May 2026 (00:27 UTC)
https://azturfsuppliers.com/blog/,https://azturfsuppliers.com/landscape-lighting,https://azturfsuppliers.com/landscape-lighting/,308,18 May 2026 (00:27 UTC)
https://azturfsuppliers.com/blog/artificial-turf-installation-guide-arizona/,https://azturfsuppliers.com/landscape-lighting,https://azturfsuppliers.com/landscape-lighting/,308,18 May 2026 (00:27 UTC)
https://azturfsuppliers.com/blog/artificial-turf-installation-guide-arizona/,https://azturfsuppliers.com/reviews,https://azturfsuppliers.com/reviews/,308,18 May 2026 (00:27 UTC)
https://azturfsuppliers.com/blog/artificial-turf-installation-guide-arizona/,https://azturfsuppliers.com/contact,https://azturfsuppliers.com/contact/,308,18 May 2026 (00:27 UTC)
https://azturfsuppliers.com/blog/artificial-turf-installation-guide-arizona/,https://azturfsuppliers.com/pavers,https://azturfsuppliers.com/pavers/,308,18 May 2026 (00:27 UTC)
https://azturfsuppliers.com/blog/artificial-turf-installation-guide-arizona/,https://azturfsuppliers.com/gilbert,https://azturfsuppliers.com/gilbert/,308,18 May 2026 (00:27 UTC)
https://azturfsuppliers.com/blog/artificial-turf-installation-guide-arizona/,https://azturfsuppliers.com/lead-free,https://azturfsuppliers.com/lead-free/,308,18 May 2026 (00:27 UTC)
https://azturfsuppliers.com/blog/artificial-turf-installation-guide-arizona/,https://azturfsuppliers.com/locations,https://azturfsuppliers.com/locations/,308,18 May 2026 (00:27 UTC)
https://azturfsuppliers.com/blog/artificial-turf-installation-guide-arizona/,https://azturfsuppliers.com/apache-junction,https://azturfsuppliers.com/apache-junction/,308,18 May 2026 (00:27 UTC)
https://azturfsuppliers.com/blog/artificial-turf-installation-guide-arizona/,https://azturfsuppliers.com/homeowners,https://azturfsuppliers.com/homeowners/,308,18 May 2026 (00:27 UTC)
https://azturfsuppliers.com/blog/artificial-turf-installation-guide-arizona/,https://azturfsuppliers.com/chandler,https://azturfsuppliers.com/chandler/,308,18 May 2026 (00:27 UTC)
https://azturfsuppliers.com/blog/artificial-turf-installation-guide-arizona/,https://azturfsuppliers.com/about,https://azturfsuppliers.com/about/,308,18 May 2026 (00:27 UTC)
https://azturfsuppliers.com/blog/artificial-turf-installation-guide-arizona/,https://azturfsuppliers.com/san-tan-valley,https://azturfsuppliers.com/san-tan-valley/,308,18 May 2026 (00:27 UTC)
https://azturfsuppliers.com/blog/artificial-turf-installation-guide-arizona/,https://azturfsuppliers.com/putting-green,https://azturfsuppliers.com/putting-green/,308,18 May 2026 (00:27 UTC)
https://azturfsuppliers.com/blog/artificial-turf-installation-guide-arizona/,https://azturfsuppliers.com/bermuda-blend,https://azturfsuppliers.com/bermuda-blend/,308,25 May 2026 (00:28 UTC)
https://azturfsuppliers.com/blog/artificial-turf-installation-guide-arizona/,https://azturfsuppliers.com/winter-series,https://azturfsuppliers.com/winter-series/,308,25 May 2026 (00:28 UTC)
https://azturfsuppliers.com/blog/artificial-turf-installation-guide-arizona/,https://azturfsuppliers.com/phoenix,https://azturfsuppliers.com/phoenix/,308,18 May 2026 (00:27 UTC)
https://azturfsuppliers.com/blog/artificial-turf-installation-guide-arizona/,https://www.azturfsuppliers.com/blog/artificial-turf-installation-guide-arizona/,https://azturfsuppliers.com/blog/artificial-turf-installation-guide-arizona/,301,18 May 2026 (00:27 UTC)
https://azturfsuppliers.com/blog/artificial-turf-installation-guide-arizona/,https://azturfsuppliers.com/mesa,https://azturfsuppliers.com/mesa/,308,18 May 2026 (00:27 UTC)
https://azturfsuppliers.com/blog/artificial-turf-installation-guide-arizona/,https://azturfsuppliers.com/artificial-turf,https://azturfsuppliers.com/artificial-turf/,308,18 May 2026 (00:27 UTC)
https://azturfsuppliers.com/blog/artificial-turf-installation-guide-arizona/,https://azturfsuppliers.com/turf-calculator,https://azturfsuppliers.com/turf-calculator/,308,18 May 2026 (00:27 UTC)
https://azturfsuppliers.com/blog/artificial-turf-installation-guide-arizona/,https://azturfsuppliers.com/spring-blend,https://azturfsuppliers.com/spring-blend/,308,25 May 2026 (00:28 UTC)
https://azturfsuppliers.com/blog/artificial-turf-installation-guide-arizona/,https://azturfsuppliers.com/natural-series,https://azturfsuppliers.com/natural-series/,308,25 May 2026 (00:28 UTC)
https://azturfsuppliers.com/blog/artificial-turf-installation-guide-arizona/,https://azturfsuppliers.com/warranty,https://azturfsuppliers.com/warranty/,308,18 May 2026 (00:27 UTC)
https://azturfsuppliers.com/blog/artificial-turf-installation-guide-arizona/,https://azturfsuppliers.com/blog,https://azturfsuppliers.com/blog/,308,18 May 2026 (00:27 UTC)
https://azturfsuppliers.com/blog/artificial-turf-installation-guide-arizona/,https://azturfsuppliers.com/gallery,https://azturfsuppliers.com/gallery/,308,18 May 2026 (00:27 UTC)
https://azturfsuppliers.com/blog/artificial-turf-installation-guide-arizona/,https://azturfsuppliers.com/tempe,https://azturfsuppliers.com/tempe/,308,18 May 2026 (00:27 UTC)
https://azturfsuppliers.com/blog/artificial-turf-installation-guide-arizona/,https://azturfsuppliers.com/scottsdale,https://azturfsuppliers.com/scottsdale/,308,18 May 2026 (00:27 UTC)
https://azturfsuppliers.com/blog/artificial-turf-installation-guide-arizona/,https://azturfsuppliers.com/accessories,https://azturfsuppliers.com/accessories/,308,18 May 2026 (00:27 UTC)
https://azturfsuppliers.com/blog/artificial-turf-installation-guide-arizona/,https://azturfsuppliers.com/products,https://azturfsuppliers.com/products/,308,18 May 2026 (00:27 UTC)
https://azturfsuppliers.com/blog/artificial-turf-installation-guide-arizona/,https://azturfsuppliers.com/queen-creek,https://azturfsuppliers.com/queen-creek/,308,18 May 2026 (00:27 UTC)
https://azturfsuppliers.com/blog/artificial-turf-installation-guide-arizona/,https://azturfsuppliers.com/resources,https://azturfsuppliers.com/resources/,308,18 May 2026 (00:27 UTC)
https://azturfsuppliers.com/blog/artificial-turf-installation-guide-arizona/,https://azturfsuppliers.com/contractors,https://azturfsuppliers.com/contractors/,308,18 May 2026 (00:27 UTC)
https://azturfsuppliers.com/blog/artificial-turf-installation-guide-arizona/,https://azturfsuppliers.com/natural-stone,https://azturfsuppliers.com/natural-stone/,308,18 May 2026 (00:27 UTC)
https://azturfsuppliers.com/chandler/,https://azturfsuppliers.com/turf-calculator,https://azturfsuppliers.com/turf-calculator/,308,18 May 2026 (00:27 UTC)
https://azturfsuppliers.com/chandler/,https://azturfsuppliers.com/landscape-lighting,https://azturfsuppliers.com/landscape-lighting/,308,18 May 2026 (00:27 UTC)
https://azturfsuppliers.com/chandler/,https://azturfsuppliers.com/contact,https://azturfsuppliers.com/contact/,308,18 May 2026 (00:27 UTC)
https://azturfsuppliers.com/chandler/,https://azturfsuppliers.com/pavers,https://azturfsuppliers.com/pavers/,308,18 May 2026 (00:27 UTC)
https://azturfsuppliers.com/chandler/,https://azturfsuppliers.com/gilbert,https://azturfsuppliers.com/gilbert/,308,18 May 2026 (00:27 UTC)
https://azturfsuppliers.com/chandler/,https://azturfsuppliers.com/lead-free,https://azturfsuppliers.com/lead-free/,308,18 May 2026 (00:27 UTC)
https://azturfsuppliers.com/chandler/,https://azturfsuppliers.com/locations,https://azturfsuppliers.com/locations/,308,18 May 2026 (00:27 UTC)
https://azturfsuppliers.com/chandler/,https://azturfsuppliers.com/apache-junction,https://azturfsuppliers.com/apache-junction/,308,18 May 2026 (00:27 UTC)
https://azturfsuppliers.com/chandler/,https://azturfsuppliers.com/homeowners,https://azturfsuppliers.com/homeowners/,308,18 May 2026 (00:27 UTC)
https://azturfsuppliers.com/chandler/,https://azturfsuppliers.com/chandler,https://azturfsuppliers.com/chandler/,308,18 May 2026 (00:27 UTC)
https://azturfsuppliers.com/chandler/,https://azturfsuppliers.com/reviews,https://azturfsuppliers.com/reviews/,308,18 May 2026 (00:27 UTC)
https://azturfsuppliers.com/chandler/,https://azturfsuppliers.com/san-tan-valley,https://azturfsuppliers.com/san-tan-valley/,308,18 May 2026 (00:27 UTC)
https://azturfsuppliers.com/chandler/,https://azturfsuppliers.com/putting-green,https://azturfsuppliers.com/putting-green/,308,18 May 2026 (00:27 UTC)
https://azturfsuppliers.com/chandler/,https://azturfsuppliers.com/bermuda-blend,https://azturfsuppliers.com/bermuda-blend/,308,25 May 2026 (00:28 UTC)
https://azturfsuppliers.com/chandler/,https://azturfsuppliers.com/winter-series,https://azturfsuppliers.com/winter-series/,308,25 May 2026 (00:28 UTC)
https://azturfsuppliers.com/chandler/,https://azturfsuppliers.com/phoenix,https://azturfsuppliers.com/phoenix/,308,18 May 2026 (00:27 UTC)
https://azturfsuppliers.com/chandler/,https://azturfsuppliers.com/tempe,https://azturfsuppliers.com/tempe/,308,18 May 2026 (00:27 UTC)
https://azturfsuppliers.com/chandler/,https://www.azturfsuppliers.com/chandler/,https://azturfsuppliers.com/chandler/,301,18 May 2026 (00:27 UTC)
https://azturfsuppliers.com/chandler/,https://azturfsuppliers.com/mesa,https://azturfsuppliers.com/mesa/,308,18 May 2026 (00:27 UTC)
https://azturfsuppliers.com/chandler/,https://azturfsuppliers.com/about,https://azturfsuppliers.com/about/,308,18 May 2026 (00:27 UTC)
https://azturfsuppliers.com/chandler/,https://azturfsuppliers.com/spring-blend,https://azturfsuppliers.com/spring-blend/,308,25 May 2026 (00:28 UTC)
https://azturfsuppliers.com/chandler/,https://azturfsuppliers.com/natural-series,https://azturfsuppliers.com/natural-series/,308,25 May 2026 (00:28 UTC)
https://azturfsuppliers.com/chandler/,https://azturfsuppliers.com/warranty,https://azturfsuppliers.com/warranty/,308,18 May 2026 (00:27 UTC)
https://azturfsuppliers.com/chandler/,https://azturfsuppliers.com/blog,https://azturfsuppliers.com/blog/,308,18 May 2026 (00:27 UTC)
https://azturfsuppliers.com/chandler/,https://azturfsuppliers.com/gallery,https://azturfsuppliers.com/gallery/,308,18 May 2026 (00:27 UTC)
https://azturfsuppliers.com/chandler/,https://azturfsuppliers.com/artificial-turf,https://azturfsuppliers.com/artificial-turf/,308,18 May 2026 (00:27 UTC)
https://azturfsuppliers.com/chandler/,https://azturfsuppliers.com/scottsdale,https://azturfsuppliers.com/scottsdale/,308,18 May 2026 (00:27 UTC)
https://azturfsuppliers.com/chandler/,https://azturfsuppliers.com/accessories,https://azturfsuppliers.com/accessories/,308,18 May 2026 (00:27 UTC)
https://azturfsuppliers.com/chandler/,https://azturfsuppliers.com/products,https://azturfsuppliers.com/products/,308,18 May 2026 (00:27 UTC)
https://azturfsuppliers.com/chandler/,https://azturfsuppliers.com/queen-creek,https://azturfsuppliers.com/queen-creek/,308,18 May 2026 (00:27 UTC)
https://azturfsuppliers.com/chandler/,https://azturfsuppliers.com/resources,https://azturfsuppliers.com/resources/,308,18 May 2026 (00:27 UTC)
https://azturfsuppliers.com/chandler/,https://azturfsuppliers.com/contractors,https://azturfsuppliers.com/contractors/,308,18 May 2026 (00:27 UTC)
https://azturfsuppliers.com/chandler/,https://azturfsuppliers.com/natural-stone,https://azturfsuppliers.com/natural-stone/,308,18 May 2026 (00:27 UTC)
https://azturfsuppliers.com/contact/,https://azturfsuppliers.com/reviews,https://azturfsuppliers.com/reviews/,308,18 May 2026 (00:27 UTC)
https://azturfsuppliers.com/contact/,https://azturfsuppliers.com/gallery,https://azturfsuppliers.com/gallery/,308,18 May 2026 (00:27 UTC)
https://azturfsuppliers.com/contact/,https://azturfsuppliers.com/blog,https://azturfsuppliers.com/blog/,308,18 May 2026 (00:27 UTC)
https://azturfsuppliers.com/contact/,https://azturfsuppliers.com/warranty,https://azturfsuppliers.com/warranty/,308,18 May 2026 (00:27 UTC)
https://azturfsuppliers.com/contact/,https://azturfsuppliers.com/natural-series,https://azturfsuppliers.com/natural-series/,308,25 May 2026 (00:28 UTC)
https://azturfsuppliers.com/contact/,https://azturfsuppliers.com/spring-blend,https://azturfsuppliers.com/spring-blend/,308,25 May 2026 (00:28 UTC)
https://azturfsuppliers.com/contact/,https://azturfsuppliers.com/about,https://azturfsuppliers.com/about/,308,18 May 2026 (00:27 UTC)
https://azturfsuppliers.com/contact/,https://azturfsuppliers.com/mesa,https://azturfsuppliers.com/mesa/,308,18 May 2026 (00:27 UTC)
https://azturfsuppliers.com/contact/,https://azturfsuppliers.com/chandler,https://azturfsuppliers.com/chandler/,308,18 May 2026 (00:27 UTC)
https://azturfsuppliers.com/contact/,https://azturfsuppliers.com/apache-junction,https://azturfsuppliers.com/apache-junction/,308,18 May 2026 (00:27 UTC)
https://azturfsuppliers.com/contact/,https://azturfsuppliers.com/san-tan-valley,https://azturfsuppliers.com/san-tan-valley/,308,18 May 2026 (00:27 UTC)
https://azturfsuppliers.com/contact/,https://azturfsuppliers.com/putting-green,https://azturfsuppliers.com/putting-green/,308,18 May 2026 (00:27 UTC)
https://azturfsuppliers.com/contact/,https://azturfsuppliers.com/bermuda-blend,https://azturfsuppliers.com/bermuda-blend/,308,25 May 2026 (00:28 UTC)
https://azturfsuppliers.com/contact/,https://azturfsuppliers.com/winter-series,https://azturfsuppliers.com/winter-series/,308,25 May 2026 (00:28 UTC)
https://azturfsuppliers.com/contact/,https://azturfsuppliers.com/phoenix,https://azturfsuppliers.com/phoenix/,308,18 May 2026 (00:27 UTC)
https://azturfsuppliers.com/contact/,https://www.azturfsuppliers.com/contact/,https://azturfsuppliers.com/contact/,301,18 May 2026 (00:27 UTC)
https://azturfsuppliers.com/contact/,https://azturfsuppliers.com/homeowners,https://azturfsuppliers.com/homeowners/,308,18 May 2026 (00:27 UTC)
https://azturfsuppliers.com/contact/,https://azturfsuppliers.com/scottsdale,https://azturfsuppliers.com/scottsdale/,308,18 May 2026 (00:27 UTC)
https://azturfsuppliers.com/contact/,https://azturfsuppliers.com/tempe,https://azturfsuppliers.com/tempe/,308,18 May 2026 (00:27 UTC)
https://azturfsuppliers.com/contact/,https://azturfsuppliers.com/locations,https://azturfsuppliers.com/locations/,308,18 May 2026 (00:27 UTC)
https://azturfsuppliers.com/contact/,https://azturfsuppliers.com/lead-free,https://azturfsuppliers.com/lead-free/,308,18 May 2026 (00:27 UTC)
https://azturfsuppliers.com/contact/,https://azturfsuppliers.com/gilbert,https://azturfsuppliers.com/gilbert/,308,18 May 2026 (00:27 UTC)
https://azturfsuppliers.com/contact/,https://azturfsuppliers.com/pavers,https://azturfsuppliers.com/pavers/,308,18 May 2026 (00:27 UTC)
https://azturfsuppliers.com/contact/,https://azturfsuppliers.com/contact,https://azturfsuppliers.com/contact/,308,18 May 2026 (00:27 UTC)
https://azturfsuppliers.com/contact/,https://azturfsuppliers.com/landscape-lighting,https://azturfsuppliers.com/landscape-lighting/,308,18 May 2026 (00:27 UTC)
https://azturfsuppliers.com/contact/,https://azturfsuppliers.com/turf-calculator,https://azturfsuppliers.com/turf-calculator/,308,18 May 2026 (00:27 UTC)
https://azturfsuppliers.com/contact/,https://azturfsuppliers.com/artificial-turf,https://azturfsuppliers.com/artificial-turf/,308,18 May 2026 (00:27 UTC)
https://azturfsuppliers.com/contact/,https://azturfsuppliers.com/natural-stone,https://azturfsuppliers.com/natural-stone/,308,18 May 2026 (00:27 UTC)
https://azturfsuppliers.com/contact/,https://azturfsuppliers.com/contractors,https://azturfsuppliers.com/contractors/,308,18 May 2026 (00:27 UTC)
https://azturfsuppliers.com/contact/,https://azturfsuppliers.com/resources,https://azturfsuppliers.com/resources/,308,18 May 2026 (00:27 UTC)
https://azturfsuppliers.com/contact/,https://azturfsuppliers.com/queen-creek,https://azturfsuppliers.com/queen-creek/,308,18 May 2026 (00:27 UTC)
https://azturfsuppliers.com/contact/,https://azturfsuppliers.com/products,https://azturfsuppliers.com/products/,308,18 May 2026 (00:27 UTC)
https://azturfsuppliers.com/contact/,https://azturfsuppliers.com/accessories,https://azturfsuppliers.com/accessories/,308,18 May 2026 (00:27 UTC)
https://azturfsuppliers.com/contact/?need=installation,https://azturfsuppliers.com/artificial-turf,https://azturfsuppliers.com/artificial-turf/,308,18 May 2026 (00:27 UTC)
https://azturfsuppliers.com/contact/?need=installation,https://azturfsuppliers.com/natural-stone,https://azturfsuppliers.com/natural-stone/,308,18 May 2026 (00:27 UTC)
https://azturfsuppliers.com/contact/?need=installation,https://azturfsuppliers.com/contractors,https://azturfsuppliers.com/contractors/,308,18 May 2026 (00:27 UTC)
https://azturfsuppliers.com/contact/?need=installation,https://azturfsuppliers.com/resources,https://azturfsuppliers.com/resources/,308,18 May 2026 (00:27 UTC)
https://azturfsuppliers.com/contact/?need=installation,https://azturfsuppliers.com/queen-creek,https://azturfsuppliers.com/queen-creek/,308,18 May 2026 (00:27 UTC)
https://azturfsuppliers.com/contact/?need=installation,https://azturfsuppliers.com/products,https://azturfsuppliers.com/products/,308,18 May 2026 (00:27 UTC)
https://azturfsuppliers.com/contact/?need=installation,https://azturfsuppliers.com/accessories,https://azturfsuppliers.com/accessories/,308,18 May 2026 (00:27 UTC)
https://azturfsuppliers.com/contact/?need=installation,https://azturfsuppliers.com/scottsdale,https://azturfsuppliers.com/scottsdale/,308,18 May 2026 (00:27 UTC)
https://azturfsuppliers.com/contact/?need=installation,https://azturfsuppliers.com/tempe,https://azturfsuppliers.com/tempe/,308,18 May 2026 (00:27 UTC)
https://azturfsuppliers.com/contact/?need=installation,https://azturfsuppliers.com/gallery,https://azturfsuppliers.com/gallery/,308,18 May 2026 (00:27 UTC)
https://azturfsuppliers.com/contact/?need=installation,https://azturfsuppliers.com/blog,https://azturfsuppliers.com/blog/,308,18 May 2026 (00:27 UTC)
https://azturfsuppliers.com/contact/?need=installation,https://azturfsuppliers.com/warranty,https://azturfsuppliers.com/warranty/,308,18 May 2026 (00:27 UTC)
https://azturfsuppliers.com/contact/?need=installation,https://azturfsuppliers.com/natural-series,https://azturfsuppliers.com/natural-series/,308,25 May 2026 (00:28 UTC)
https://azturfsuppliers.com/contact/?need=installation,https://azturfsuppliers.com/spring-blend,https://azturfsuppliers.com/spring-blend/,308,25 May 2026 (00:28 UTC)
https://azturfsuppliers.com/contact/?need=installation,https://azturfsuppliers.com/about,https://azturfsuppliers.com/about/,308,18 May 2026 (00:27 UTC)
https://azturfsuppliers.com/contact/?need=installation,https://azturfsuppliers.com/mesa,https://azturfsuppliers.com/mesa/,308,18 May 2026 (00:27 UTC)
https://azturfsuppliers.com/contact/?need=installation,https://azturfsuppliers.com/homeowners,https://azturfsuppliers.com/homeowners/,308,18 May 2026 (00:27 UTC)
https://azturfsuppliers.com/contact/?need=installation,https://www.azturfsuppliers.com/contact/,https://azturfsuppliers.com/contact/,301,18 May 2026 (00:27 UTC)
https://azturfsuppliers.com/contact/?need=installation,https://azturfsuppliers.com/phoenix,https://azturfsuppliers.com/phoenix/,308,18 May 2026 (00:27 UTC)
https://azturfsuppliers.com/contact/?need=installation,https://azturfsuppliers.com/winter-series,https://azturfsuppliers.com/winter-series/,308,25 May 2026 (00:28 UTC)
https://azturfsuppliers.com/contact/?need=installation,https://azturfsuppliers.com/bermuda-blend,https://azturfsuppliers.com/bermuda-blend/,308,25 May 2026 (00:28 UTC)
https://azturfsuppliers.com/contact/?need=installation,https://azturfsuppliers.com/putting-green,https://azturfsuppliers.com/putting-green/,308,18 May 2026 (00:27 UTC)
https://azturfsuppliers.com/contact/?need=installation,https://azturfsuppliers.com/san-tan-valley,https://azturfsuppliers.com/san-tan-valley/,308,18 May 2026 (00:27 UTC)
https://azturfsuppliers.com/contact/?need=installation,https://azturfsuppliers.com/reviews,https://azturfsuppliers.com/reviews/,308,18 May 2026 (00:27 UTC)
https://azturfsuppliers.com/contact/?need=installation,https://azturfsuppliers.com/chandler,https://azturfsuppliers.com/chandler/,308,18 May 2026 (00:27 UTC)
https://azturfsuppliers.com/contact/?need=installation,https://azturfsuppliers.com/turf-calculator,https://azturfsuppliers.com/turf-calculator/,308,18 May 2026 (00:27 UTC)
https://azturfsuppliers.com/contact/?need=installation,https://azturfsuppliers.com/apache-junction,https://azturfsuppliers.com/apache-junction/,308,18 May 2026 (00:27 UTC)
https://azturfsuppliers.com/contact/?need=installation,https://azturfsuppliers.com/locations,https://azturfsuppliers.com/locations/,308,18 May 2026 (00:27 UTC)
https://azturfsuppliers.com/contact/?need=installation,https://azturfsuppliers.com/lead-free,https://azturfsuppliers.com/lead-free/,308,18 May 2026 (00:27 UTC)
https://azturfsuppliers.com/contact/?need=installation,https://azturfsuppliers.com/gilbert,https://azturfsuppliers.com/gilbert/,308,18 May 2026 (00:27 UTC)
https://azturfsuppliers.com/contact/?need=installation,https://azturfsuppliers.com/pavers,https://azturfsuppliers.com/pavers/,308,18 May 2026 (00:27 UTC)
https://azturfsuppliers.com/contact/?need=installation,https://azturfsuppliers.com/contact,https://azturfsuppliers.com/contact/,308,18 May 2026 (00:27 UTC)
https://azturfsuppliers.com/contact/?need=installation,https://azturfsuppliers.com/landscape-lighting,https://azturfsuppliers.com/landscape-lighting/,308,18 May 2026 (00:27 UTC)
https://azturfsuppliers.com/contractors/,https://azturfsuppliers.com/winter-series,https://azturfsuppliers.com/winter-series/,308,25 May 2026 (00:28 UTC)
https://azturfsuppliers.com/contractors/,https://azturfsuppliers.com/blog,https://azturfsuppliers.com/blog/,308,18 May 2026 (00:27 UTC)
https://azturfsuppliers.com/contractors/,https://azturfsuppliers.com/gallery,https://azturfsuppliers.com/gallery/,308,18 May 2026 (00:27 UTC)
https://azturfsuppliers.com/contractors/,https://azturfsuppliers.com/tempe,https://azturfsuppliers.com/tempe/,308,18 May 2026 (00:27 UTC)
https://azturfsuppliers.com/contractors/,https://azturfsuppliers.com/scottsdale,https://azturfsuppliers.com/scottsdale/,308,18 May 2026 (00:27 UTC)
https://azturfsuppliers.com/contractors/,https://azturfsuppliers.com/accessories,https://azturfsuppliers.com/accessories/,308,18 May 2026 (00:27 UTC)
https://azturfsuppliers.com/contractors/,https://azturfsuppliers.com/products,https://azturfsuppliers.com/products/,308,18 May 2026 (00:27 UTC)
https://azturfsuppliers.com/contractors/,https://azturfsuppliers.com/queen-creek,https://azturfsuppliers.com/queen-creek/,308,18 May 2026 (00:27 UTC)
https://azturfsuppliers.com/contractors/,https://azturfsuppliers.com/resources,https://azturfsuppliers.com/resources/,308,18 May 2026 (00:27 UTC)
https://azturfsuppliers.com/contractors/,https://azturfsuppliers.com/contractors,https://azturfsuppliers.com/contractors/,308,18 May 2026 (00:27 UTC)
https://azturfsuppliers.com/contractors/,https://azturfsuppliers.com/natural-stone,https://azturfsuppliers.com/natural-stone/,308,18 May 2026 (00:27 UTC)
https://azturfsuppliers.com/contractors/,https://azturfsuppliers.com/artificial-turf,https://azturfsuppliers.com/artificial-turf/,308,18 May 2026 (00:27 UTC)
https://azturfsuppliers.com/contractors/,https://azturfsuppliers.com/turf-calculator,https://azturfsuppliers.com/turf-calculator/,308,18 May 2026 (00:27 UTC)
https://azturfsuppliers.com/contractors/,https://www.azturfsuppliers.com/contractors/,https://azturfsuppliers.com/contractors/,301,18 May 2026 (00:27 UTC)
https://azturfsuppliers.com/contractors/,https://azturfsuppliers.com/phoenix,https://azturfsuppliers.com/phoenix/,308,18 May 2026 (00:27 UTC)
https://azturfsuppliers.com/contractors/,https://azturfsuppliers.com/warranty,https://azturfsuppliers.com/warranty/,308,18 May 2026 (00:27 UTC)
https://azturfsuppliers.com/contractors/,https://azturfsuppliers.com/bermuda-blend,https://azturfsuppliers.com/bermuda-blend/,308,25 May 2026 (00:28 UTC)
https://azturfsuppliers.com/contractors/,https://azturfsuppliers.com/putting-green,https://azturfsuppliers.com/putting-green/,308,18 May 2026 (00:27 UTC)
https://azturfsuppliers.com/contractors/,https://azturfsuppliers.com/san-tan-valley,https://azturfsuppliers.com/san-tan-valley/,308,18 May 2026 (00:27 UTC)
https://azturfsuppliers.com/contractors/,https://azturfsuppliers.com/reviews,https://azturfsuppliers.com/reviews/,308,18 May 2026 (00:27 UTC)
https://azturfsuppliers.com/contractors/,https://azturfsuppliers.com/chandler,https://azturfsuppliers.com/chandler/,308,18 May 2026 (00:27 UTC)
https://azturfsuppliers.com/contractors/,https://azturfsuppliers.com/homeowners,https://azturfsuppliers.com/homeowners/,308,18 May 2026 (00:27 UTC)
https://azturfsuppliers.com/contractors/,https://azturfsuppliers.com/apache-junction,https://azturfsuppliers.com/apache-junction/,308,18 May 2026 (00:27 UTC)
https://azturfsuppliers.com/contractors/,https://azturfsuppliers.com/locations,https://azturfsuppliers.com/locations/,308,18 May 2026 (00:27 UTC)
https://azturfsuppliers.com/contractors/,https://azturfsuppliers.com/lead-free,https://azturfsuppliers.com/lead-free/,308,18 May 2026 (00:27 UTC)
https://azturfsuppliers.com/contractors/,https://azturfsuppliers.com/gilbert,https://azturfsuppliers.com/gilbert/,308,18 May 2026 (00:27 UTC)
https://azturfsuppliers.com/contractors/,https://azturfsuppliers.com/pavers,https://azturfsuppliers.com/pavers/,308,18 May 2026 (00:27 UTC)
https://azturfsuppliers.com/contractors/,https://azturfsuppliers.com/contact,https://azturfsuppliers.com/contact/,308,18 May 2026 (00:27 UTC)
https://azturfsuppliers.com/contractors/,https://azturfsuppliers.com/landscape-lighting,https://azturfsuppliers.com/landscape-lighting/,308,18 May 2026 (00:27 UTC)
https://azturfsuppliers.com/contractors/,https://azturfsuppliers.com/natural-series,https://azturfsuppliers.com/natural-series/,308,25 May 2026 (00:28 UTC)
https://azturfsuppliers.com/contractors/,https://azturfsuppliers.com/spring-blend,https://azturfsuppliers.com/spring-blend/,308,25 May 2026 (00:28 UTC)
https://azturfsuppliers.com/contractors/,https://azturfsuppliers.com/about,https://azturfsuppliers.com/about/,308,18 May 2026 (00:27 UTC)
https://azturfsuppliers.com/contractors/,https://azturfsuppliers.com/mesa,https://azturfsuppliers.com/mesa/,308,18 May 2026 (00:27 UTC)
https://azturfsuppliers.com/gallery/,https://azturfsuppliers.com/resources,https://azturfsuppliers.com/resources/,308,18 May 2026 (00:27 UTC)
https://azturfsuppliers.com/gallery/,https://azturfsuppliers.com/about,https://azturfsuppliers.com/about/,308,18 May 2026 (00:27 UTC)
https://azturfsuppliers.com/gallery/,https://azturfsuppliers.com/queen-creek,https://azturfsuppliers.com/queen-creek/,308,18 May 2026 (00:27 UTC)
https://azturfsuppliers.com/gallery/,https://azturfsuppliers.com/products,https://azturfsuppliers.com/products/,308,18 May 2026 (00:27 UTC)
https://azturfsuppliers.com/gallery/,https://azturfsuppliers.com/accessories,https://azturfsuppliers.com/accessories/,308,18 May 2026 (00:27 UTC)
https://azturfsuppliers.com/gallery/,https://azturfsuppliers.com/scottsdale,https://azturfsuppliers.com/scottsdale/,308,18 May 2026 (00:27 UTC)
https://azturfsuppliers.com/gallery/,https://azturfsuppliers.com/tempe,https://azturfsuppliers.com/tempe/,308,18 May 2026 (00:27 UTC)
https://azturfsuppliers.com/gallery/,https://azturfsuppliers.com/gallery,https://azturfsuppliers.com/gallery/,308,18 May 2026 (00:27 UTC)
https://azturfsuppliers.com/gallery/,https://azturfsuppliers.com/blog,https://azturfsuppliers.com/blog/,308,18 May 2026 (00:27 UTC)
https://azturfsuppliers.com/gallery/,https://azturfsuppliers.com/warranty,https://azturfsuppliers.com/warranty/,308,18 May 2026 (00:27 UTC)
https://azturfsuppliers.com/gallery/,https://azturfsuppliers.com/natural-series,https://azturfsuppliers.com/natural-series/,308,25 May 2026 (00:28 UTC)
https://azturfsuppliers.com/gallery/,https://azturfsuppliers.com/spring-blend,https://azturfsuppliers.com/spring-blend/,308,25 May 2026 (00:28 UTC)
https://azturfsuppliers.com/gallery/,https://azturfsuppliers.com/mesa,https://azturfsuppliers.com/mesa/,308,18 May 2026 (00:27 UTC)
https://azturfsuppliers.com/gallery/,https://azturfsuppliers.com/contractors,https://azturfsuppliers.com/contractors/,308,18 May 2026 (00:27 UTC)
https://azturfsuppliers.com/gallery/,https://azturfsuppliers.com/natural-stone,https://azturfsuppliers.com/natural-stone/,308,18 May 2026 (00:27 UTC)
https://azturfsuppliers.com/gallery/,https://azturfsuppliers.com/artificial-turf,https://azturfsuppliers.com/artificial-turf/,308,18 May 2026 (00:27 UTC)
https://azturfsuppliers.com/gallery/,https://azturfsuppliers.com/turf-calculator,https://azturfsuppliers.com/turf-calculator/,308,18 May 2026 (00:27 UTC)
https://azturfsuppliers.com/gallery/,https://azturfsuppliers.com/landscape-lighting,https://azturfsuppliers.com/landscape-lighting/,308,18 May 2026 (00:27 UTC)
https://azturfsuppliers.com/gallery/,https://azturfsuppliers.com/contact,https://azturfsuppliers.com/contact/,308,18 May 2026 (00:27 UTC)
https://azturfsuppliers.com/gallery/,https://azturfsuppliers.com/pavers,https://azturfsuppliers.com/pavers/,308,18 May 2026 (00:27 UTC)
https://azturfsuppliers.com/gallery/,https://azturfsuppliers.com/gilbert,https://azturfsuppliers.com/gilbert/,308,18 May 2026 (00:27 UTC)
https://azturfsuppliers.com/gallery/,https://azturfsuppliers.com/lead-free,https://azturfsuppliers.com/lead-free/,308,18 May 2026 (00:27 UTC)
https://azturfsuppliers.com/gallery/,https://azturfsuppliers.com/locations,https://azturfsuppliers.com/locations/,308,18 May 2026 (00:27 UTC)
https://azturfsuppliers.com/gallery/,https://azturfsuppliers.com/apache-junction,https://azturfsuppliers.com/apache-junction/,308,18 May 2026 (00:27 UTC)
https://azturfsuppliers.com/gallery/,https://azturfsuppliers.com/homeowners,https://azturfsuppliers.com/homeowners/,308,18 May 2026 (00:27 UTC)
https://azturfsuppliers.com/gallery/,https://azturfsuppliers.com/chandler,https://azturfsuppliers.com/chandler/,308,18 May 2026 (00:27 UTC)
https://azturfsuppliers.com/gallery/,https://azturfsuppliers.com/reviews,https://azturfsuppliers.com/reviews/,308,18 May 2026 (00:27 UTC)
https://azturfsuppliers.com/gallery/,https://azturfsuppliers.com/san-tan-valley,https://azturfsuppliers.com/san-tan-valley/,308,18 May 2026 (00:27 UTC)
https://azturfsuppliers.com/gallery/,https://azturfsuppliers.com/putting-green,https://azturfsuppliers.com/putting-green/,308,18 May 2026 (00:27 UTC)
https://azturfsuppliers.com/gallery/,https://azturfsuppliers.com/bermuda-blend,https://azturfsuppliers.com/bermuda-blend/,308,25 May 2026 (00:28 UTC)
https://azturfsuppliers.com/gallery/,https://azturfsuppliers.com/winter-series,https://azturfsuppliers.com/winter-series/,308,25 May 2026 (00:28 UTC)
https://azturfsuppliers.com/gallery/,https://azturfsuppliers.com/phoenix,https://azturfsuppliers.com/phoenix/,308,18 May 2026 (00:27 UTC)
https://azturfsuppliers.com/gallery/,https://www.azturfsuppliers.com/gallery/,https://azturfsuppliers.com/gallery/,301,18 May 2026 (00:27 UTC)
https://azturfsuppliers.com/gilbert/,https://azturfsuppliers.com/lead-free,https://azturfsuppliers.com/lead-free/,308,18 May 2026 (00:27 UTC)
https://azturfsuppliers.com/gilbert/,https://azturfsuppliers.com/about,https://azturfsuppliers.com/about/,308,18 May 2026 (00:27 UTC)
https://azturfsuppliers.com/gilbert/,https://azturfsuppliers.com/locations,https://azturfsuppliers.com/locations/,308,18 May 2026 (00:27 UTC)
https://azturfsuppliers.com/gilbert/,https://azturfsuppliers.com/apache-junction,https://azturfsuppliers.com/apache-junction/,308,18 May 2026 (00:27 UTC)
https://azturfsuppliers.com/gilbert/,https://azturfsuppliers.com/homeowners,https://azturfsuppliers.com/homeowners/,308,18 May 2026 (00:27 UTC)
https://azturfsuppliers.com/gilbert/,https://azturfsuppliers.com/chandler,https://azturfsuppliers.com/chandler/,308,18 May 2026 (00:27 UTC)
https://azturfsuppliers.com/gilbert/,https://azturfsuppliers.com/reviews,https://azturfsuppliers.com/reviews/,308,18 May 2026 (00:27 UTC)
https://azturfsuppliers.com/gilbert/,https://azturfsuppliers.com/san-tan-valley,https://azturfsuppliers.com/san-tan-valley/,308,18 May 2026 (00:27 UTC)
https://azturfsuppliers.com/gilbert/,https://azturfsuppliers.com/putting-green,https://azturfsuppliers.com/putting-green/,308,18 May 2026 (00:27 UTC)
https://azturfsuppliers.com/gilbert/,https://azturfsuppliers.com/bermuda-blend,https://azturfsuppliers.com/bermuda-blend/,308,25 May 2026 (00:28 UTC)
https://azturfsuppliers.com/gilbert/,https://azturfsuppliers.com/winter-series,https://azturfsuppliers.com/winter-series/,308,25 May 2026 (00:28 UTC)
https://azturfsuppliers.com/gilbert/,https://azturfsuppliers.com/phoenix,https://azturfsuppliers.com/phoenix/,308,18 May 2026 (00:27 UTC)
https://azturfsuppliers.com/gilbert/,https://www.azturfsuppliers.com/gilbert/,https://azturfsuppliers.com/gilbert/,301,18 May 2026 (00:27 UTC)
https://azturfsuppliers.com/gilbert/,https://azturfsuppliers.com/pavers,https://azturfsuppliers.com/pavers/,308,18 May 2026 (00:27 UTC)
https://azturfsuppliers.com/gilbert/,https://azturfsuppliers.com/mesa,https://azturfsuppliers.com/mesa/,308,18 May 2026 (00:27 UTC)
https://azturfsuppliers.com/gilbert/,https://azturfsuppliers.com/spring-blend,https://azturfsuppliers.com/spring-blend/,308,25 May 2026 (00:28 UTC)
https://azturfsuppliers.com/gilbert/,https://azturfsuppliers.com/natural-series,https://azturfsuppliers.com/natural-series/,308,25 May 2026 (00:28 UTC)
https://azturfsuppliers.com/gilbert/,https://azturfsuppliers.com/warranty,https://azturfsuppliers.com/warranty/,308,18 May 2026 (00:27 UTC)
https://azturfsuppliers.com/gilbert/,https://azturfsuppliers.com/blog,https://azturfsuppliers.com/blog/,308,18 May 2026 (00:27 UTC)
https://azturfsuppliers.com/gilbert/,https://azturfsuppliers.com/gallery,https://azturfsuppliers.com/gallery/,308,18 May 2026 (00:27 UTC)
https://azturfsuppliers.com/gilbert/,https://azturfsuppliers.com/tempe,https://azturfsuppliers.com/tempe/,308,18 May 2026 (00:27 UTC)
https://azturfsuppliers.com/gilbert/,https://azturfsuppliers.com/scottsdale,https://azturfsuppliers.com/scottsdale/,308,18 May 2026 (00:27 UTC)
https://azturfsuppliers.com/gilbert/,https://azturfsuppliers.com/accessories,https://azturfsuppliers.com/accessories/,308,18 May 2026 (00:27 UTC)
https://azturfsuppliers.com/gilbert/,https://azturfsuppliers.com/products,https://azturfsuppliers.com/products/,308,18 May 2026 (00:27 UTC)
https://azturfsuppliers.com/gilbert/,https://azturfsuppliers.com/queen-creek,https://azturfsuppliers.com/queen-creek/,308,18 May 2026 (00:27 UTC)
https://azturfsuppliers.com/gilbert/,https://azturfsuppliers.com/resources,https://azturfsuppliers.com/resources/,308,18 May 2026 (00:27 UTC)
https://azturfsuppliers.com/gilbert/,https://azturfsuppliers.com/contractors,https://azturfsuppliers.com/contractors/,308,18 May 2026 (00:27 UTC)
https://azturfsuppliers.com/gilbert/,https://azturfsuppliers.com/natural-stone,https://azturfsuppliers.com/natural-stone/,308,18 May 2026 (00:27 UTC)
https://azturfsuppliers.com/gilbert/,https://azturfsuppliers.com/artificial-turf,https://azturfsuppliers.com/artificial-turf/,308,18 May 2026 (00:27 UTC)
https://azturfsuppliers.com/gilbert/,https://azturfsuppliers.com/turf-calculator,https://azturfsuppliers.com/turf-calculator/,308,18 May 2026 (00:27 UTC)
https://azturfsuppliers.com/gilbert/,https://azturfsuppliers.com/landscape-lighting,https://azturfsuppliers.com/landscape-lighting/,308,18 May 2026 (00:27 UTC)
https://azturfsuppliers.com/gilbert/,https://azturfsuppliers.com/contact,https://azturfsuppliers.com/contact/,308,18 May 2026 (00:27 UTC)
https://azturfsuppliers.com/gilbert/,https://azturfsuppliers.com/gilbert,https://azturfsuppliers.com/gilbert/,308,18 May 2026 (00:27 UTC)
https://azturfsuppliers.com/homeowners/,https://www.azturfsuppliers.com/homeowners/,https://azturfsuppliers.com/homeowners/,301,18 May 2026 (00:27 UTC)
https://azturfsuppliers.com/homeowners/,https://azturfsuppliers.com/resources,https://azturfsuppliers.com/resources/,308,18 May 2026 (00:27 UTC)
https://azturfsuppliers.com/homeowners/,https://azturfsuppliers.com/mesa,https://azturfsuppliers.com/mesa/,308,18 May 2026 (00:27 UTC)
https://azturfsuppliers.com/homeowners/,https://azturfsuppliers.com/about,https://azturfsuppliers.com/about/,308,18 May 2026 (00:27 UTC)
https://azturfsuppliers.com/homeowners/,https://azturfsuppliers.com/spring-blend,https://azturfsuppliers.com/spring-blend/,308,25 May 2026 (00:28 UTC)
https://azturfsuppliers.com/homeowners/,https://azturfsuppliers.com/natural-series,https://azturfsuppliers.com/natural-series/,308,25 May 2026 (00:28 UTC)
https://azturfsuppliers.com/homeowners/,https://azturfsuppliers.com/warranty,https://azturfsuppliers.com/warranty/,308,18 May 2026 (00:27 UTC)
https://azturfsuppliers.com/homeowners/,https://azturfsuppliers.com/blog,https://azturfsuppliers.com/blog/,308,18 May 2026 (00:27 UTC)
https://azturfsuppliers.com/homeowners/,https://azturfsuppliers.com/gallery,https://azturfsuppliers.com/gallery/,308,18 May 2026 (00:27 UTC)
https://azturfsuppliers.com/homeowners/,https://azturfsuppliers.com/tempe,https://azturfsuppliers.com/tempe/,308,18 May 2026 (00:27 UTC)
https://azturfsuppliers.com/homeowners/,https://azturfsuppliers.com/scottsdale,https://azturfsuppliers.com/scottsdale/,308,18 May 2026 (00:27 UTC)
https://azturfsuppliers.com/homeowners/,https://azturfsuppliers.com/accessories,https://azturfsuppliers.com/accessories/,308,18 May 2026 (00:27 UTC)
https://azturfsuppliers.com/homeowners/,https://azturfsuppliers.com/products,https://azturfsuppliers.com/products/,308,18 May 2026 (00:27 UTC)
https://azturfsuppliers.com/homeowners/,https://azturfsuppliers.com/queen-creek,https://azturfsuppliers.com/queen-creek/,308,18 May 2026 (00:27 UTC)
https://azturfsuppliers.com/homeowners/,https://azturfsuppliers.com/phoenix,https://azturfsuppliers.com/phoenix/,308,18 May 2026 (00:27 UTC)
https://azturfsuppliers.com/homeowners/,https://azturfsuppliers.com/contractors,https://azturfsuppliers.com/contractors/,308,18 May 2026 (00:27 UTC)
https://azturfsuppliers.com/homeowners/,https://azturfsuppliers.com/natural-stone,https://azturfsuppliers.com/natural-stone/,308,18 May 2026 (00:27 UTC)
https://azturfsuppliers.com/homeowners/,https://azturfsuppliers.com/artificial-turf,https://azturfsuppliers.com/artificial-turf/,308,18 May 2026 (00:27 UTC)
https://azturfsuppliers.com/homeowners/,https://azturfsuppliers.com/turf-calculator,https://azturfsuppliers.com/turf-calculator/,308,18 May 2026 (00:27 UTC)
https://azturfsuppliers.com/homeowners/,https://azturfsuppliers.com/landscape-lighting,https://azturfsuppliers.com/landscape-lighting/,308,18 May 2026 (00:27 UTC)
https://azturfsuppliers.com/homeowners/,https://azturfsuppliers.com/contact,https://azturfsuppliers.com/contact/,308,18 May 2026 (00:27 UTC)
https://azturfsuppliers.com/homeowners/,https://azturfsuppliers.com/pavers,https://azturfsuppliers.com/pavers/,308,18 May 2026 (00:27 UTC)
https://azturfsuppliers.com/homeowners/,https://azturfsuppliers.com/gilbert,https://azturfsuppliers.com/gilbert/,308,18 May 2026 (00:27 UTC)
https://azturfsuppliers.com/homeowners/,https://azturfsuppliers.com/contact?need=installation,https://azturfsuppliers.com/contact/?need=installation,308,18 May 2026 (00:27 UTC)
https://azturfsuppliers.com/homeowners/,https://azturfsuppliers.com/lead-free,https://azturfsuppliers.com/lead-free/,308,18 May 2026 (00:27 UTC)
https://azturfsuppliers.com/homeowners/,https://azturfsuppliers.com/locations,https://azturfsuppliers.com/locations/,308,18 May 2026 (00:27 UTC)
https://azturfsuppliers.com/homeowners/,https://azturfsuppliers.com/apache-junction,https://azturfsuppliers.com/apache-junction/,308,18 May 2026 (00:27 UTC)
https://azturfsuppliers.com/homeowners/,https://azturfsuppliers.com/winter-series,https://azturfsuppliers.com/winter-series/,308,25 May 2026 (00:28 UTC)
https://azturfsuppliers.com/homeowners/,https://azturfsuppliers.com/bermuda-blend,https://azturfsuppliers.com/bermuda-blend/,308,25 May 2026 (00:28 UTC)
https://azturfsuppliers.com/homeowners/,https://azturfsuppliers.com/putting-green,https://azturfsuppliers.com/putting-green/,308,18 May 2026 (00:27 UTC)
https://azturfsuppliers.com/homeowners/,https://azturfsuppliers.com/san-tan-valley,https://azturfsuppliers.com/san-tan-valley/,308,18 May 2026 (00:27 UTC)
https://azturfsuppliers.com/homeowners/,https://azturfsuppliers.com/reviews,https://azturfsuppliers.com/reviews/,308,18 May 2026 (00:27 UTC)
https://azturfsuppliers.com/homeowners/,https://azturfsuppliers.com/chandler,https://azturfsuppliers.com/chandler/,308,18 May 2026 (00:27 UTC)
https://azturfsuppliers.com/homeowners/,https://azturfsuppliers.com/homeowners,https://azturfsuppliers.com/homeowners/,308,18 May 2026 (00:27 UTC)
https://azturfsuppliers.com/landscape-lighting/,https://azturfsuppliers.com/gilbert,https://azturfsuppliers.com/gilbert/,308,18 May 2026 (00:27 UTC)
https://azturfsuppliers.com/landscape-lighting/,https://azturfsuppliers.com/chandler,https://azturfsuppliers.com/chandler/,308,18 May 2026 (00:27 UTC)
https://azturfsuppliers.com/landscape-lighting/,https://azturfsuppliers.com/pavers,https://azturfsuppliers.com/pavers/,308,18 May 2026 (00:27 UTC)
https://azturfsuppliers.com/landscape-lighting/,https://azturfsuppliers.com/contact,https://azturfsuppliers.com/contact/,308,18 May 2026 (00:27 UTC)
https://azturfsuppliers.com/landscape-lighting/,https://azturfsuppliers.com/landscape-lighting,https://azturfsuppliers.com/landscape-lighting/,308,18 May 2026 (00:27 UTC)
https://azturfsuppliers.com/landscape-lighting/,https://azturfsuppliers.com/turf-calculator,https://azturfsuppliers.com/turf-calculator/,308,18 May 2026 (00:27 UTC)
https://azturfsuppliers.com/landscape-lighting/,https://azturfsuppliers.com/artificial-turf,https://azturfsuppliers.com/artificial-turf/,308,18 May 2026 (00:27 UTC)
https://azturfsuppliers.com/landscape-lighting/,https://azturfsuppliers.com/natural-stone,https://azturfsuppliers.com/natural-stone/,308,18 May 2026 (00:27 UTC)
https://azturfsuppliers.com/landscape-lighting/,https://azturfsuppliers.com/contractors,https://azturfsuppliers.com/contractors/,308,18 May 2026 (00:27 UTC)
https://azturfsuppliers.com/landscape-lighting/,https://azturfsuppliers.com/resources,https://azturfsuppliers.com/resources/,308,18 May 2026 (00:27 UTC)
https://azturfsuppliers.com/landscape-lighting/,https://azturfsuppliers.com/lead-free,https://azturfsuppliers.com/lead-free/,308,18 May 2026 (00:27 UTC)
https://azturfsuppliers.com/landscape-lighting/,https://azturfsuppliers.com/locations,https://azturfsuppliers.com/locations/,308,18 May 2026 (00:27 UTC)
https://azturfsuppliers.com/landscape-lighting/,https://azturfsuppliers.com/apache-junction,https://azturfsuppliers.com/apache-junction/,308,18 May 2026 (00:27 UTC)
https://azturfsuppliers.com/landscape-lighting/,https://azturfsuppliers.com/homeowners,https://azturfsuppliers.com/homeowners/,308,18 May 2026 (00:27 UTC)
https://azturfsuppliers.com/landscape-lighting/,https://azturfsuppliers.com/scottsdale,https://azturfsuppliers.com/scottsdale/,308,18 May 2026 (00:27 UTC)
https://azturfsuppliers.com/landscape-lighting/,https://azturfsuppliers.com/reviews,https://azturfsuppliers.com/reviews/,308,18 May 2026 (00:27 UTC)
https://azturfsuppliers.com/landscape-lighting/,https://azturfsuppliers.com/san-tan-valley,https://azturfsuppliers.com/san-tan-valley/,308,18 May 2026 (00:27 UTC)
https://azturfsuppliers.com/landscape-lighting/,https://azturfsuppliers.com/putting-green,https://azturfsuppliers.com/putting-green/,308,18 May 2026 (00:27 UTC)
https://azturfsuppliers.com/landscape-lighting/,https://azturfsuppliers.com/bermuda-blend,https://azturfsuppliers.com/bermuda-blend/,308,25 May 2026 (00:28 UTC)
https://azturfsuppliers.com/landscape-lighting/,https://azturfsuppliers.com/winter-series,https://azturfsuppliers.com/winter-series/,308,25 May 2026 (00:28 UTC)
https://azturfsuppliers.com/landscape-lighting/,https://azturfsuppliers.com/products,https://azturfsuppliers.com/products/,308,18 May 2026 (00:27 UTC)
https://azturfsuppliers.com/landscape-lighting/,https://www.azturfsuppliers.com/landscape-lighting/,https://azturfsuppliers.com/landscape-lighting/,301,18 May 2026 (00:27 UTC)
https://azturfsuppliers.com/landscape-lighting/,https://azturfsuppliers.com/phoenix,https://azturfsuppliers.com/phoenix/,308,18 May 2026 (00:27 UTC)
https://azturfsuppliers.com/landscape-lighting/,https://azturfsuppliers.com/mesa,https://azturfsuppliers.com/mesa/,308,18 May 2026 (00:27 UTC)
https://azturfsuppliers.com/landscape-lighting/,https://azturfsuppliers.com/about,https://azturfsuppliers.com/about/,308,18 May 2026 (00:27 UTC)
https://azturfsuppliers.com/landscape-lighting/,https://azturfsuppliers.com/spring-blend,https://azturfsuppliers.com/spring-blend/,308,25 May 2026 (00:28 UTC)
https://azturfsuppliers.com/landscape-lighting/,https://azturfsuppliers.com/natural-series,https://azturfsuppliers.com/natural-series/,308,25 May 2026 (00:28 UTC)
https://azturfsuppliers.com/landscape-lighting/,https://azturfsuppliers.com/warranty,https://azturfsuppliers.com/warranty/,308,18 May 2026 (00:27 UTC)
https://azturfsuppliers.com/landscape-lighting/,https://azturfsuppliers.com/blog,https://azturfsuppliers.com/blog/,308,18 May 2026 (00:27 UTC)
https://azturfsuppliers.com/landscape-lighting/,https://azturfsuppliers.com/gallery,https://azturfsuppliers.com/gallery/,308,18 May 2026 (00:27 UTC)
https://azturfsuppliers.com/landscape-lighting/,https://azturfsuppliers.com/tempe,https://azturfsuppliers.com/tempe/,308,18 May 2026 (00:27 UTC)
https://azturfsuppliers.com/landscape-lighting/,https://azturfsuppliers.com/accessories,https://azturfsuppliers.com/accessories/,308,18 May 2026 (00:27 UTC)
https://azturfsuppliers.com/landscape-lighting/,https://azturfsuppliers.com/queen-creek,https://azturfsuppliers.com/queen-creek/,308,18 May 2026 (00:27 UTC)
https://azturfsuppliers.com/lead-free/,https://azturfsuppliers.com/lead-free,https://azturfsuppliers.com/lead-free/,308,18 May 2026 (00:27 UTC)
https://azturfsuppliers.com/lead-free/,https://azturfsuppliers.com/chandler,https://azturfsuppliers.com/chandler/,308,18 May 2026 (00:27 UTC)
https://azturfsuppliers.com/lead-free/,https://azturfsuppliers.com/homeowners,https://azturfsuppliers.com/homeowners/,308,18 May 2026 (00:27 UTC)
https://azturfsuppliers.com/lead-free/,https://azturfsuppliers.com/apache-junction,https://azturfsuppliers.com/apache-junction/,308,18 May 2026 (00:27 UTC)
https://azturfsuppliers.com/lead-free/,https://azturfsuppliers.com/locations,https://azturfsuppliers.com/locations/,308,18 May 2026 (00:27 UTC)
https://azturfsuppliers.com/lead-free/,https://www.azturfsuppliers.com/lead-free/,https://azturfsuppliers.com/lead-free/,301,18 May 2026 (00:27 UTC)
https://azturfsuppliers.com/lead-free/,https://azturfsuppliers.com/reviews,https://azturfsuppliers.com/reviews/,308,18 May 2026 (00:27 UTC)
https://azturfsuppliers.com/lead-free/,https://azturfsuppliers.com/san-tan-valley,https://azturfsuppliers.com/san-tan-valley/,308,18 May 2026 (00:27 UTC)
https://azturfsuppliers.com/lead-free/,https://azturfsuppliers.com/putting-green,https://azturfsuppliers.com/putting-green/,308,18 May 2026 (00:27 UTC)
https://azturfsuppliers.com/lead-free/,https://azturfsuppliers.com/bermuda-blend,https://azturfsuppliers.com/bermuda-blend/,308,25 May 2026 (00:28 UTC)
https://azturfsuppliers.com/lead-free/,https://azturfsuppliers.com/winter-series,https://azturfsuppliers.com/winter-series/,308,25 May 2026 (00:28 UTC)
https://azturfsuppliers.com/lead-free/,https://azturfsuppliers.com/phoenix,https://azturfsuppliers.com/phoenix/,308,18 May 2026 (00:27 UTC)
https://azturfsuppliers.com/lead-free/,https://azturfsuppliers.com/natural-stone,https://azturfsuppliers.com/natural-stone/,308,18 May 2026 (00:27 UTC)
https://azturfsuppliers.com/lead-free/,https://azturfsuppliers.com/warranty,https://azturfsuppliers.com/warranty/,308,18 May 2026 (00:27 UTC)
https://azturfsuppliers.com/lead-free/,https://azturfsuppliers.com/contractors,https://azturfsuppliers.com/contractors/,308,18 May 2026 (00:27 UTC)
https://azturfsuppliers.com/lead-free/,https://azturfsuppliers.com/resources,https://azturfsuppliers.com/resources/,308,18 May 2026 (00:27 UTC)
https://azturfsuppliers.com/lead-free/,https://azturfsuppliers.com/queen-creek,https://azturfsuppliers.com/queen-creek/,308,18 May 2026 (00:27 UTC)
https://azturfsuppliers.com/lead-free/,https://azturfsuppliers.com/products,https://azturfsuppliers.com/products/,308,18 May 2026 (00:27 UTC)
https://azturfsuppliers.com/lead-free/,https://azturfsuppliers.com/accessories,https://azturfsuppliers.com/accessories/,308,18 May 2026 (00:27 UTC)
https://azturfsuppliers.com/lead-free/,https://azturfsuppliers.com/scottsdale,https://azturfsuppliers.com/scottsdale/,308,18 May 2026 (00:27 UTC)
https://azturfsuppliers.com/lead-free/,https://azturfsuppliers.com/tempe,https://azturfsuppliers.com/tempe/,308,18 May 2026 (00:27 UTC)
https://azturfsuppliers.com/lead-free/,https://azturfsuppliers.com/gallery,https://azturfsuppliers.com/gallery/,308,18 May 2026 (00:27 UTC)
https://azturfsuppliers.com/lead-free/,https://azturfsuppliers.com/blog,https://azturfsuppliers.com/blog/,308,18 May 2026 (00:27 UTC)
https://azturfsuppliers.com/lead-free/,https://azturfsuppliers.com/gilbert,https://azturfsuppliers.com/gilbert/,308,18 May 2026 (00:27 UTC)
https://azturfsuppliers.com/lead-free/,https://azturfsuppliers.com/natural-series,https://azturfsuppliers.com/natural-series/,308,25 May 2026 (00:28 UTC)
https://azturfsuppliers.com/lead-free/,https://azturfsuppliers.com/spring-blend,https://azturfsuppliers.com/spring-blend/,308,25 May 2026 (00:28 UTC)
https://azturfsuppliers.com/lead-free/,https://azturfsuppliers.com/about,https://azturfsuppliers.com/about/,308,18 May 2026 (00:27 UTC)
https://azturfsuppliers.com/lead-free/,https://azturfsuppliers.com/mesa,https://azturfsuppliers.com/mesa/,308,18 May 2026 (00:27 UTC)
https://azturfsuppliers.com/lead-free/,https://azturfsuppliers.com/artificial-turf,https://azturfsuppliers.com/artificial-turf/,308,18 May 2026 (00:27 UTC)
https://azturfsuppliers.com/lead-free/,https://azturfsuppliers.com/turf-calculator,https://azturfsuppliers.com/turf-calculator/,308,18 May 2026 (00:27 UTC)
https://azturfsuppliers.com/lead-free/,https://azturfsuppliers.com/landscape-lighting,https://azturfsuppliers.com/landscape-lighting/,308,18 May 2026 (00:27 UTC)
https://azturfsuppliers.com/lead-free/,https://azturfsuppliers.com/contact,https://azturfsuppliers.com/contact/,308,18 May 2026 (00:27 UTC)
https://azturfsuppliers.com/lead-free/,https://azturfsuppliers.com/pavers,https://azturfsuppliers.com/pavers/,308,18 May 2026 (00:27 UTC)
https://azturfsuppliers.com/locations/,https://azturfsuppliers.com/apache-junction,https://azturfsuppliers.com/apache-junction/,308,18 May 2026 (00:27 UTC)
https://azturfsuppliers.com/locations/,https://azturfsuppliers.com/artificial-turf,https://azturfsuppliers.com/artificial-turf/,308,18 May 2026 (00:27 UTC)
https://azturfsuppliers.com/locations/,https://azturfsuppliers.com/turf-calculator,https://azturfsuppliers.com/turf-calculator/,308,18 May 2026 (00:27 UTC)
https://azturfsuppliers.com/locations/,https://azturfsuppliers.com/landscape-lighting,https://azturfsuppliers.com/landscape-lighting/,308,18 May 2026 (00:27 UTC)
https://azturfsuppliers.com/locations/,https://azturfsuppliers.com/contact,https://azturfsuppliers.com/contact/,308,18 May 2026 (00:27 UTC)
https://azturfsuppliers.com/locations/,https://azturfsuppliers.com/pavers,https://azturfsuppliers.com/pavers/,308,18 May 2026 (00:27 UTC)
https://azturfsuppliers.com/locations/,https://azturfsuppliers.com/gilbert,https://azturfsuppliers.com/gilbert/,308,18 May 2026 (00:27 UTC)
https://azturfsuppliers.com/locations/,https://azturfsuppliers.com/lead-free,https://azturfsuppliers.com/lead-free/,308,18 May 2026 (00:27 UTC)
https://azturfsuppliers.com/locations/,https://azturfsuppliers.com/locations,https://azturfsuppliers.com/locations/,308,18 May 2026 (00:27 UTC)
https://azturfsuppliers.com/locations/,https://www.azturfsuppliers.com/locations/,https://azturfsuppliers.com/locations/,301,18 May 2026 (00:27 UTC)
https://azturfsuppliers.com/locations/,https://azturfsuppliers.com/homeowners,https://azturfsuppliers.com/homeowners/,308,18 May 2026 (00:27 UTC)
https://azturfsuppliers.com/locations/,https://azturfsuppliers.com/chandler,https://azturfsuppliers.com/chandler/,308,18 May 2026 (00:27 UTC)
https://azturfsuppliers.com/locations/,https://azturfsuppliers.com/reviews,https://azturfsuppliers.com/reviews/,308,18 May 2026 (00:27 UTC)
https://azturfsuppliers.com/locations/,https://azturfsuppliers.com/san-tan-valley,https://azturfsuppliers.com/san-tan-valley/,308,18 May 2026 (00:27 UTC)
https://azturfsuppliers.com/locations/,https://azturfsuppliers.com/putting-green,https://azturfsuppliers.com/putting-green/,308,18 May 2026 (00:27 UTC)
https://azturfsuppliers.com/locations/,https://azturfsuppliers.com/bermuda-blend,https://azturfsuppliers.com/bermuda-blend/,308,25 May 2026 (00:28 UTC)
https://azturfsuppliers.com/locations/,https://azturfsuppliers.com/winter-series,https://azturfsuppliers.com/winter-series/,308,25 May 2026 (00:28 UTC)
https://azturfsuppliers.com/locations/,https://azturfsuppliers.com/phoenix,https://azturfsuppliers.com/phoenix/,308,18 May 2026 (00:27 UTC)
https://azturfsuppliers.com/locations/,https://azturfsuppliers.com/contractors,https://azturfsuppliers.com/contractors/,308,18 May 2026 (00:27 UTC)
https://azturfsuppliers.com/locations/,https://azturfsuppliers.com/natural-stone,https://azturfsuppliers.com/natural-stone/,308,18 May 2026 (00:27 UTC)
https://azturfsuppliers.com/locations/,https://azturfsuppliers.com/mesa,https://azturfsuppliers.com/mesa/,308,18 May 2026 (00:27 UTC)
https://azturfsuppliers.com/locations/,https://azturfsuppliers.com/about,https://azturfsuppliers.com/about/,308,18 May 2026 (00:27 UTC)
https://azturfsuppliers.com/locations/,https://azturfsuppliers.com/spring-blend,https://azturfsuppliers.com/spring-blend/,308,25 May 2026 (00:28 UTC)
https://azturfsuppliers.com/locations/,https://azturfsuppliers.com/natural-series,https://azturfsuppliers.com/natural-series/,308,25 May 2026 (00:28 UTC)
https://azturfsuppliers.com/locations/,https://azturfsuppliers.com/warranty,https://azturfsuppliers.com/warranty/,308,18 May 2026 (00:27 UTC)
https://azturfsuppliers.com/locations/,https://azturfsuppliers.com/blog,https://azturfsuppliers.com/blog/,308,18 May 2026 (00:27 UTC)
https://azturfsuppliers.com/locations/,https://azturfsuppliers.com/gallery,https://azturfsuppliers.com/gallery/,308,18 May 2026 (00:27 UTC)
https://azturfsuppliers.com/locations/,https://azturfsuppliers.com/tempe,https://azturfsuppliers.com/tempe/,308,18 May 2026 (00:27 UTC)
https://azturfsuppliers.com/locations/,https://azturfsuppliers.com/scottsdale,https://azturfsuppliers.com/scottsdale/,308,18 May 2026 (00:27 UTC)
https://azturfsuppliers.com/locations/,https://azturfsuppliers.com/accessories,https://azturfsuppliers.com/accessories/,308,18 May 2026 (00:27 UTC)
https://azturfsuppliers.com/locations/,https://azturfsuppliers.com/products,https://azturfsuppliers.com/products/,308,18 May 2026 (00:27 UTC)
https://azturfsuppliers.com/locations/,https://azturfsuppliers.com/queen-creek,https://azturfsuppliers.com/queen-creek/,308,18 May 2026 (00:27 UTC)
https://azturfsuppliers.com/locations/,https://azturfsuppliers.com/resources,https://azturfsuppliers.com/resources/,308,18 May 2026 (00:27 UTC)
https://azturfsuppliers.com/mesa/,https://azturfsuppliers.com/turf-calculator,https://azturfsuppliers.com/turf-calculator/,308,18 May 2026 (00:27 UTC)
https://azturfsuppliers.com/mesa/,https://azturfsuppliers.com/artificial-turf,https://azturfsuppliers.com/artificial-turf/,308,18 May 2026 (00:27 UTC)
https://azturfsuppliers.com/mesa/,https://azturfsuppliers.com/natural-stone,https://azturfsuppliers.com/natural-stone/,308,18 May 2026 (00:27 UTC)
https://azturfsuppliers.com/mesa/,https://azturfsuppliers.com/contractors,https://azturfsuppliers.com/contractors/,308,18 May 2026 (00:27 UTC)
https://azturfsuppliers.com/mesa/,https://azturfsuppliers.com/resources,https://azturfsuppliers.com/resources/,308,18 May 2026 (00:27 UTC)
https://azturfsuppliers.com/mesa/,https://azturfsuppliers.com/queen-creek,https://azturfsuppliers.com/queen-creek/,308,18 May 2026 (00:27 UTC)
https://azturfsuppliers.com/mesa/,https://azturfsuppliers.com/products,https://azturfsuppliers.com/products/,308,18 May 2026 (00:27 UTC)
https://azturfsuppliers.com/mesa/,https://azturfsuppliers.com/accessories,https://azturfsuppliers.com/accessories/,308,18 May 2026 (00:27 UTC)
https://azturfsuppliers.com/mesa/,https://azturfsuppliers.com/scottsdale,https://azturfsuppliers.com/scottsdale/,308,18 May 2026 (00:27 UTC)
https://azturfsuppliers.com/mesa/,https://azturfsuppliers.com/tempe,https://azturfsuppliers.com/tempe/,308,18 May 2026 (00:27 UTC)
https://azturfsuppliers.com/mesa/,https://azturfsuppliers.com/gallery,https://azturfsuppliers.com/gallery/,308,18 May 2026 (00:27 UTC)
https://azturfsuppliers.com/mesa/,https://azturfsuppliers.com/blog,https://azturfsuppliers.com/blog/,308,18 May 2026 (00:27 UTC)
https://azturfsuppliers.com/mesa/,https://azturfsuppliers.com/warranty,https://azturfsuppliers.com/warranty/,308,18 May 2026 (00:27 UTC)
https://azturfsuppliers.com/mesa/,https://azturfsuppliers.com/natural-series,https://azturfsuppliers.com/natural-series/,308,25 May 2026 (00:28 UTC)
https://azturfsuppliers.com/mesa/,https://azturfsuppliers.com/spring-blend,https://azturfsuppliers.com/spring-blend/,308,25 May 2026 (00:28 UTC)
https://azturfsuppliers.com/mesa/,https://azturfsuppliers.com/mesa,https://azturfsuppliers.com/mesa/,308,18 May 2026 (00:27 UTC)
https://azturfsuppliers.com/mesa/,https://azturfsuppliers.com/landscape-lighting,https://azturfsuppliers.com/landscape-lighting/,308,18 May 2026 (00:27 UTC)
https://azturfsuppliers.com/mesa/,https://azturfsuppliers.com/about,https://azturfsuppliers.com/about/,308,18 May 2026 (00:27 UTC)
https://azturfsuppliers.com/mesa/,https://azturfsuppliers.com/contact,https://azturfsuppliers.com/contact/,308,18 May 2026 (00:27 UTC)
https://azturfsuppliers.com/mesa/,https://www.azturfsuppliers.com/mesa/,https://azturfsuppliers.com/mesa/,301,18 May 2026 (00:27 UTC)
https://azturfsuppliers.com/mesa/,https://azturfsuppliers.com/phoenix,https://azturfsuppliers.com/phoenix/,308,18 May 2026 (00:27 UTC)
https://azturfsuppliers.com/mesa/,https://azturfsuppliers.com/winter-series,https://azturfsuppliers.com/winter-series/,308,25 May 2026 (00:28 UTC)
https://azturfsuppliers.com/mesa/,https://azturfsuppliers.com/bermuda-blend,https://azturfsuppliers.com/bermuda-blend/,308,25 May 2026 (00:28 UTC)
https://azturfsuppliers.com/mesa/,https://azturfsuppliers.com/putting-green,https://azturfsuppliers.com/putting-green/,308,18 May 2026 (00:27 UTC)
https://azturfsuppliers.com/mesa/,https://azturfsuppliers.com/san-tan-valley,https://azturfsuppliers.com/san-tan-valley/,308,18 May 2026 (00:27 UTC)
https://azturfsuppliers.com/mesa/,https://azturfsuppliers.com/reviews,https://azturfsuppliers.com/reviews/,308,18 May 2026 (00:27 UTC)
https://azturfsuppliers.com/mesa/,https://azturfsuppliers.com/chandler,https://azturfsuppliers.com/chandler/,308,18 May 2026 (00:27 UTC)
https://azturfsuppliers.com/mesa/,https://azturfsuppliers.com/homeowners,https://azturfsuppliers.com/homeowners/,308,18 May 2026 (00:27 UTC)
https://azturfsuppliers.com/mesa/,https://azturfsuppliers.com/apache-junction,https://azturfsuppliers.com/apache-junction/,308,18 May 2026 (00:27 UTC)
https://azturfsuppliers.com/mesa/,https://azturfsuppliers.com/locations,https://azturfsuppliers.com/locations/,308,18 May 2026 (00:27 UTC)
https://azturfsuppliers.com/mesa/,https://azturfsuppliers.com/lead-free,https://azturfsuppliers.com/lead-free/,308,18 May 2026 (00:27 UTC)
https://azturfsuppliers.com/mesa/,https://azturfsuppliers.com/gilbert,https://azturfsuppliers.com/gilbert/,308,18 May 2026 (00:27 UTC)
https://azturfsuppliers.com/mesa/,https://azturfsuppliers.com/pavers,https://azturfsuppliers.com/pavers/,308,18 May 2026 (00:27 UTC)
https://azturfsuppliers.com/natural-blend-75/,https://azturfsuppliers.com/artificial-turf,https://azturfsuppliers.com/artificial-turf/,308,18 May 2026 (00:27 UTC)
https://azturfsuppliers.com/natural-blend-75/,https://azturfsuppliers.com/apache-junction,https://azturfsuppliers.com/apache-junction/,308,18 May 2026 (00:27 UTC)
https://azturfsuppliers.com/natural-blend-75/,https://azturfsuppliers.com/natural-stone,https://azturfsuppliers.com/natural-stone/,308,18 May 2026 (00:27 UTC)
https://azturfsuppliers.com/natural-blend-75/,https://azturfsuppliers.com/contractors,https://azturfsuppliers.com/contractors/,308,18 May 2026 (00:27 UTC)
https://azturfsuppliers.com/natural-blend-75/,https://azturfsuppliers.com/resources,https://azturfsuppliers.com/resources/,308,18 May 2026 (00:27 UTC)
https://azturfsuppliers.com/natural-blend-75/,https://azturfsuppliers.com/queen-creek,https://azturfsuppliers.com/queen-creek/,308,18 May 2026 (00:27 UTC)
https://azturfsuppliers.com/natural-blend-75/,https://azturfsuppliers.com/products,https://azturfsuppliers.com/products/,308,18 May 2026 (00:27 UTC)
https://azturfsuppliers.com/natural-blend-75/,https://azturfsuppliers.com/accessories,https://azturfsuppliers.com/accessories/,308,18 May 2026 (00:27 UTC)
https://azturfsuppliers.com/natural-blend-75/,https://azturfsuppliers.com/scottsdale,https://azturfsuppliers.com/scottsdale/,308,18 May 2026 (00:27 UTC)
https://azturfsuppliers.com/natural-blend-75/,https://azturfsuppliers.com/tempe,https://azturfsuppliers.com/tempe/,308,18 May 2026 (00:27 UTC)
https://azturfsuppliers.com/natural-blend-75/,https://azturfsuppliers.com/gallery,https://azturfsuppliers.com/gallery/,308,18 May 2026 (00:27 UTC)
https://azturfsuppliers.com/natural-blend-75/,https://azturfsuppliers.com/blog,https://azturfsuppliers.com/blog/,308,18 May 2026 (00:27 UTC)
https://azturfsuppliers.com/natural-blend-75/,https://azturfsuppliers.com/warranty,https://azturfsuppliers.com/warranty/,308,18 May 2026 (00:27 UTC)
https://azturfsuppliers.com/natural-blend-75/,https://azturfsuppliers.com/natural-series,https://azturfsuppliers.com/natural-series/,308,25 May 2026 (00:28 UTC)
https://azturfsuppliers.com/natural-blend-75/,https://azturfsuppliers.com/spring-blend,https://azturfsuppliers.com/spring-blend/,308,25 May 2026 (00:28 UTC)
https://azturfsuppliers.com/natural-blend-75/,https://azturfsuppliers.com/about,https://azturfsuppliers.com/about/,308,18 May 2026 (00:27 UTC)
https://azturfsuppliers.com/natural-blend-75/,https://azturfsuppliers.com/mesa,https://azturfsuppliers.com/mesa/,308,18 May 2026 (00:27 UTC)
https://azturfsuppliers.com/natural-blend-75/,https://azturfsuppliers.com/landscape-lighting,https://azturfsuppliers.com/landscape-lighting/,308,18 May 2026 (00:27 UTC)
https://azturfsuppliers.com/natural-blend-75/,https://www.azturfsuppliers.com/natural-blend-75/,https://azturfsuppliers.com/natural-blend-75/,301,18 May 2026 (00:27 UTC)
https://azturfsuppliers.com/natural-blend-75/,https://azturfsuppliers.com/phoenix,https://azturfsuppliers.com/phoenix/,308,18 May 2026 (00:27 UTC)
https://azturfsuppliers.com/natural-blend-75/,https://azturfsuppliers.com/winter-series,https://azturfsuppliers.com/winter-series/,308,25 May 2026 (00:28 UTC)
https://azturfsuppliers.com/natural-blend-75/,https://azturfsuppliers.com/bermuda-blend,https://azturfsuppliers.com/bermuda-blend/,308,25 May 2026 (00:28 UTC)
https://azturfsuppliers.com/natural-blend-75/,https://azturfsuppliers.com/putting-green,https://azturfsuppliers.com/putting-green/,308,18 May 2026 (00:27 UTC)
https://azturfsuppliers.com/natural-blend-75/,https://azturfsuppliers.com/san-tan-valley,https://azturfsuppliers.com/san-tan-valley/,308,18 May 2026 (00:27 UTC)
https://azturfsuppliers.com/natural-blend-75/,https://azturfsuppliers.com/reviews,https://azturfsuppliers.com/reviews/,308,18 May 2026 (00:27 UTC)
https://azturfsuppliers.com/natural-blend-75/,https://azturfsuppliers.com/chandler,https://azturfsuppliers.com/chandler/,308,18 May 2026 (00:27 UTC)
https://azturfsuppliers.com/natural-blend-75/,https://azturfsuppliers.com/homeowners,https://azturfsuppliers.com/homeowners/,308,18 May 2026 (00:27 UTC)
https://azturfsuppliers.com/natural-blend-75/,https://azturfsuppliers.com/locations,https://azturfsuppliers.com/locations/,308,18 May 2026 (00:27 UTC)
https://azturfsuppliers.com/natural-blend-75/,https://azturfsuppliers.com/lead-free,https://azturfsuppliers.com/lead-free/,308,18 May 2026 (00:27 UTC)
https://azturfsuppliers.com/natural-blend-75/,https://azturfsuppliers.com/gilbert,https://azturfsuppliers.com/gilbert/,308,18 May 2026 (00:27 UTC)
https://azturfsuppliers.com/natural-blend-75/,https://azturfsuppliers.com/pavers,https://azturfsuppliers.com/pavers/,308,18 May 2026 (00:27 UTC)
https://azturfsuppliers.com/natural-blend-75/,https://azturfsuppliers.com/contact,https://azturfsuppliers.com/contact/,308,18 May 2026 (00:27 UTC)
https://azturfsuppliers.com/natural-blend-75/,https://azturfsuppliers.com/turf-calculator,https://azturfsuppliers.com/turf-calculator/,308,18 May 2026 (00:27 UTC)
https://azturfsuppliers.com/natural-blend-84/,https://azturfsuppliers.com/natural-stone,https://azturfsuppliers.com/natural-stone/,308,18 May 2026 (00:27 UTC)
https://azturfsuppliers.com/natural-blend-84/,https://www.azturfsuppliers.com/natural-blend-84/,https://azturfsuppliers.com/natural-blend-84/,301,18 May 2026 (00:27 UTC)
https://azturfsuppliers.com/natural-blend-84/,https://azturfsuppliers.com/winter-series,https://azturfsuppliers.com/winter-series/,308,25 May 2026 (00:28 UTC)
https://azturfsuppliers.com/natural-blend-84/,https://azturfsuppliers.com/mesa,https://azturfsuppliers.com/mesa/,308,18 May 2026 (00:27 UTC)
https://azturfsuppliers.com/natural-blend-84/,https://azturfsuppliers.com/about,https://azturfsuppliers.com/about/,308,18 May 2026 (00:27 UTC)
https://azturfsuppliers.com/natural-blend-84/,https://azturfsuppliers.com/spring-blend,https://azturfsuppliers.com/spring-blend/,308,25 May 2026 (00:28 UTC)
https://azturfsuppliers.com/natural-blend-84/,https://azturfsuppliers.com/natural-series,https://azturfsuppliers.com/natural-series/,308,25 May 2026 (00:28 UTC)
https://azturfsuppliers.com/natural-blend-84/,https://azturfsuppliers.com/warranty,https://azturfsuppliers.com/warranty/,308,18 May 2026 (00:27 UTC)
https://azturfsuppliers.com/natural-blend-84/,https://azturfsuppliers.com/blog,https://azturfsuppliers.com/blog/,308,18 May 2026 (00:27 UTC)
https://azturfsuppliers.com/natural-blend-84/,https://azturfsuppliers.com/gallery,https://azturfsuppliers.com/gallery/,308,18 May 2026 (00:27 UTC)
https://azturfsuppliers.com/natural-blend-84/,https://azturfsuppliers.com/tempe,https://azturfsuppliers.com/tempe/,308,18 May 2026 (00:27 UTC)
https://azturfsuppliers.com/natural-blend-84/,https://azturfsuppliers.com/scottsdale,https://azturfsuppliers.com/scottsdale/,308,18 May 2026 (00:27 UTC)
https://azturfsuppliers.com/natural-blend-84/,https://azturfsuppliers.com/accessories,https://azturfsuppliers.com/accessories/,308,18 May 2026 (00:27 UTC)
https://azturfsuppliers.com/natural-blend-84/,https://azturfsuppliers.com/products,https://azturfsuppliers.com/products/,308,18 May 2026 (00:27 UTC)
https://azturfsuppliers.com/natural-blend-84/,https://azturfsuppliers.com/queen-creek,https://azturfsuppliers.com/queen-creek/,308,18 May 2026 (00:27 UTC)
https://azturfsuppliers.com/natural-blend-84/,https://azturfsuppliers.com/resources,https://azturfsuppliers.com/resources/,308,18 May 2026 (00:27 UTC)
https://azturfsuppliers.com/natural-blend-84/,https://azturfsuppliers.com/contractors,https://azturfsuppliers.com/contractors/,308,18 May 2026 (00:27 UTC)
https://azturfsuppliers.com/natural-blend-84/,https://azturfsuppliers.com/phoenix,https://azturfsuppliers.com/phoenix/,308,18 May 2026 (00:27 UTC)
https://azturfsuppliers.com/natural-blend-84/,https://azturfsuppliers.com/turf-calculator,https://azturfsuppliers.com/turf-calculator/,308,18 May 2026 (00:27 UTC)
https://azturfsuppliers.com/natural-blend-84/,https://azturfsuppliers.com/artificial-turf,https://azturfsuppliers.com/artificial-turf/,308,18 May 2026 (00:27 UTC)
https://azturfsuppliers.com/natural-blend-84/,https://azturfsuppliers.com/bermuda-blend,https://azturfsuppliers.com/bermuda-blend/,308,25 May 2026 (00:28 UTC)
https://azturfsuppliers.com/natural-blend-84/,https://azturfsuppliers.com/putting-green,https://azturfsuppliers.com/putting-green/,308,18 May 2026 (00:27 UTC)
https://azturfsuppliers.com/natural-blend-84/,https://azturfsuppliers.com/san-tan-valley,https://azturfsuppliers.com/san-tan-valley/,308,18 May 2026 (00:27 UTC)
https://azturfsuppliers.com/natural-blend-84/,https://azturfsuppliers.com/reviews,https://azturfsuppliers.com/reviews/,308,18 May 2026 (00:27 UTC)
https://azturfsuppliers.com/natural-blend-84/,https://azturfsuppliers.com/chandler,https://azturfsuppliers.com/chandler/,308,18 May 2026 (00:27 UTC)
https://azturfsuppliers.com/natural-blend-84/,https://azturfsuppliers.com/homeowners,https://azturfsuppliers.com/homeowners/,308,18 May 2026 (00:27 UTC)
https://azturfsuppliers.com/natural-blend-84/,https://azturfsuppliers.com/apache-junction,https://azturfsuppliers.com/apache-junction/,308,18 May 2026 (00:27 UTC)
https://azturfsuppliers.com/natural-blend-84/,https://azturfsuppliers.com/locations,https://azturfsuppliers.com/locations/,308,18 May 2026 (00:27 UTC)
https://azturfsuppliers.com/natural-blend-84/,https://azturfsuppliers.com/lead-free,https://azturfsuppliers.com/lead-free/,308,18 May 2026 (00:27 UTC)
https://azturfsuppliers.com/natural-blend-84/,https://azturfsuppliers.com/gilbert,https://azturfsuppliers.com/gilbert/,308,18 May 2026 (00:27 UTC)
https://azturfsuppliers.com/natural-blend-84/,https://azturfsuppliers.com/pavers,https://azturfsuppliers.com/pavers/,308,18 May 2026 (00:27 UTC)
https://azturfsuppliers.com/natural-blend-84/,https://azturfsuppliers.com/contact,https://azturfsuppliers.com/contact/,308,18 May 2026 (00:27 UTC)
https://azturfsuppliers.com/natural-blend-84/,https://azturfsuppliers.com/landscape-lighting,https://azturfsuppliers.com/landscape-lighting/,308,18 May 2026 (00:27 UTC)
https://azturfsuppliers.com/natural-series/,https://azturfsuppliers.com/landscape-lighting,https://azturfsuppliers.com/landscape-lighting/,308,25 May 2026 (00:28 UTC)
https://azturfsuppliers.com/natural-series/,https://azturfsuppliers.com/contact,https://azturfsuppliers.com/contact/,308,25 May 2026 (00:28 UTC)
https://azturfsuppliers.com/natural-series/,https://azturfsuppliers.com/natural-blend-84,https://azturfsuppliers.com/natural-blend-84/,308,25 May 2026 (00:28 UTC)
https://azturfsuppliers.com/natural-series/,https://azturfsuppliers.com/pavers,https://azturfsuppliers.com/pavers/,308,25 May 2026 (00:28 UTC)
https://azturfsuppliers.com/natural-series/,https://azturfsuppliers.com/gilbert,https://azturfsuppliers.com/gilbert/,308,25 May 2026 (00:28 UTC)
https://azturfsuppliers.com/natural-series/,https://azturfsuppliers.com/lead-free,https://azturfsuppliers.com/lead-free/,308,25 May 2026 (00:28 UTC)
https://azturfsuppliers.com/natural-series/,https://azturfsuppliers.com/locations,https://azturfsuppliers.com/locations/,308,25 May 2026 (00:28 UTC)
https://azturfsuppliers.com/natural-series/,https://azturfsuppliers.com/apache-junction,https://azturfsuppliers.com/apache-junction/,308,25 May 2026 (00:28 UTC)
https://azturfsuppliers.com/natural-series/,https://azturfsuppliers.com/homeowners,https://azturfsuppliers.com/homeowners/,308,25 May 2026 (00:28 UTC)
https://azturfsuppliers.com/natural-series/,https://azturfsuppliers.com/chandler,https://azturfsuppliers.com/chandler/,308,25 May 2026 (00:28 UTC)
https://azturfsuppliers.com/natural-series/,https://azturfsuppliers.com/reviews,https://azturfsuppliers.com/reviews/,308,25 May 2026 (00:28 UTC)
https://azturfsuppliers.com/natural-series/,https://azturfsuppliers.com/san-tan-valley,https://azturfsuppliers.com/san-tan-valley/,308,25 May 2026 (00:28 UTC)
https://azturfsuppliers.com/natural-series/,https://azturfsuppliers.com/putting-green,https://azturfsuppliers.com/putting-green/,308,25 May 2026 (00:28 UTC)
https://azturfsuppliers.com/natural-series/,https://azturfsuppliers.com/natural-blend-75,https://azturfsuppliers.com/natural-blend-75/,308,25 May 2026 (00:28 UTC)
https://azturfsuppliers.com/natural-series/,https://azturfsuppliers.com/bermuda-blend,https://azturfsuppliers.com/bermuda-blend/,308,25 May 2026 (00:28 UTC)
https://azturfsuppliers.com/natural-series/,https://www.azturfsuppliers.com/natural-series/,https://azturfsuppliers.com/natural-series/,301,25 May 2026 (00:28 UTC)
https://azturfsuppliers.com/natural-series/,https://azturfsuppliers.com/phoenix,https://azturfsuppliers.com/phoenix/,308,25 May 2026 (00:28 UTC)
https://azturfsuppliers.com/natural-series/,https://azturfsuppliers.com/tempe,https://azturfsuppliers.com/tempe/,308,25 May 2026 (00:28 UTC)
https://azturfsuppliers.com/natural-series/,https://azturfsuppliers.com/winter-series,https://azturfsuppliers.com/winter-series/,308,25 May 2026 (00:28 UTC)
https://azturfsuppliers.com/natural-series/,https://azturfsuppliers.com/mesa,https://azturfsuppliers.com/mesa/,308,25 May 2026 (00:28 UTC)
https://azturfsuppliers.com/natural-series/,https://azturfsuppliers.com/about,https://azturfsuppliers.com/about/,308,25 May 2026 (00:28 UTC)
https://azturfsuppliers.com/natural-series/,https://azturfsuppliers.com/spring-blend,https://azturfsuppliers.com/spring-blend/,308,25 May 2026 (00:28 UTC)
https://azturfsuppliers.com/natural-series/,https://azturfsuppliers.com/natural-series,https://azturfsuppliers.com/natural-series/,308,25 May 2026 (00:28 UTC)
https://azturfsuppliers.com/natural-series/,https://azturfsuppliers.com/warranty,https://azturfsuppliers.com/warranty/,308,25 May 2026 (00:28 UTC)
https://azturfsuppliers.com/natural-series/,https://azturfsuppliers.com/blog,https://azturfsuppliers.com/blog/,308,25 May 2026 (00:28 UTC)
https://azturfsuppliers.com/natural-series/,https://azturfsuppliers.com/gallery,https://azturfsuppliers.com/gallery/,308,25 May 2026 (00:28 UTC)
https://azturfsuppliers.com/natural-series/,https://azturfsuppliers.com/turf-calculator,https://azturfsuppliers.com/turf-calculator/,308,25 May 2026 (00:28 UTC)
https://azturfsuppliers.com/natural-series/,https://azturfsuppliers.com/scottsdale,https://azturfsuppliers.com/scottsdale/,308,25 May 2026 (00:28 UTC)
https://azturfsuppliers.com/natural-series/,https://azturfsuppliers.com/accessories,https://azturfsuppliers.com/accessories/,308,25 May 2026 (00:28 UTC)
https://azturfsuppliers.com/natural-series/,https://azturfsuppliers.com/products,https://azturfsuppliers.com/products/,308,25 May 2026 (00:28 UTC)
https://azturfsuppliers.com/natural-series/,https://azturfsuppliers.com/queen-creek,https://azturfsuppliers.com/queen-creek/,308,25 May 2026 (00:28 UTC)
https://azturfsuppliers.com/natural-series/,https://azturfsuppliers.com/resources,https://azturfsuppliers.com/resources/,308,25 May 2026 (00:28 UTC)
https://azturfsuppliers.com/natural-series/,https://azturfsuppliers.com/contractors,https://azturfsuppliers.com/contractors/,308,25 May 2026 (00:28 UTC)
https://azturfsuppliers.com/natural-series/,https://azturfsuppliers.com/natural-stone,https://azturfsuppliers.com/natural-stone/,308,25 May 2026 (00:28 UTC)
https://azturfsuppliers.com/natural-series/,https://azturfsuppliers.com/artificial-turf,https://azturfsuppliers.com/artificial-turf/,308,25 May 2026 (00:28 UTC)
https://azturfsuppliers.com/natural-stone/,https://azturfsuppliers.com/tempe,https://azturfsuppliers.com/tempe/,308,18 May 2026 (00:27 UTC)
https://azturfsuppliers.com/natural-stone/,https://azturfsuppliers.com/artificial-turf,https://azturfsuppliers.com/artificial-turf/,308,18 May 2026 (00:27 UTC)
https://azturfsuppliers.com/natural-stone/,https://azturfsuppliers.com/natural-stone,https://azturfsuppliers.com/natural-stone/,308,18 May 2026 (00:27 UTC)
https://azturfsuppliers.com/natural-stone/,https://azturfsuppliers.com/contractors,https://azturfsuppliers.com/contractors/,308,18 May 2026 (00:27 UTC)
https://azturfsuppliers.com/natural-stone/,https://azturfsuppliers.com/resources,https://azturfsuppliers.com/resources/,308,18 May 2026 (00:27 UTC)
https://azturfsuppliers.com/natural-stone/,https://azturfsuppliers.com/queen-creek,https://azturfsuppliers.com/queen-creek/,308,18 May 2026 (00:27 UTC)
https://azturfsuppliers.com/natural-stone/,https://azturfsuppliers.com/products,https://azturfsuppliers.com/products/,308,18 May 2026 (00:27 UTC)
https://azturfsuppliers.com/natural-stone/,https://azturfsuppliers.com/accessories,https://azturfsuppliers.com/accessories/,308,18 May 2026 (00:27 UTC)
https://azturfsuppliers.com/natural-stone/,https://azturfsuppliers.com/scottsdale,https://azturfsuppliers.com/scottsdale/,308,18 May 2026 (00:27 UTC)
https://azturfsuppliers.com/natural-stone/,https://azturfsuppliers.com/bermuda-blend,https://azturfsuppliers.com/bermuda-blend/,308,25 May 2026 (00:28 UTC)
https://azturfsuppliers.com/natural-stone/,https://azturfsuppliers.com/gallery,https://azturfsuppliers.com/gallery/,308,18 May 2026 (00:27 UTC)
https://azturfsuppliers.com/natural-stone/,https://azturfsuppliers.com/blog,https://azturfsuppliers.com/blog/,308,18 May 2026 (00:27 UTC)
https://azturfsuppliers.com/natural-stone/,https://azturfsuppliers.com/warranty,https://azturfsuppliers.com/warranty/,308,18 May 2026 (00:27 UTC)
https://azturfsuppliers.com/natural-stone/,https://azturfsuppliers.com/natural-series,https://azturfsuppliers.com/natural-series/,308,25 May 2026 (00:28 UTC)
https://azturfsuppliers.com/natural-stone/,https://azturfsuppliers.com/spring-blend,https://azturfsuppliers.com/spring-blend/,308,25 May 2026 (00:28 UTC)
https://azturfsuppliers.com/natural-stone/,https://azturfsuppliers.com/about,https://azturfsuppliers.com/about/,308,18 May 2026 (00:27 UTC)
https://azturfsuppliers.com/natural-stone/,https://azturfsuppliers.com/mesa,https://azturfsuppliers.com/mesa/,308,18 May 2026 (00:27 UTC)
https://azturfsuppliers.com/natural-stone/,https://azturfsuppliers.com/landscape-lighting,https://azturfsuppliers.com/landscape-lighting/,308,18 May 2026 (00:27 UTC)
https://azturfsuppliers.com/natural-stone/,https://azturfsuppliers.com/turf-calculator,https://azturfsuppliers.com/turf-calculator/,308,18 May 2026 (00:27 UTC)
https://azturfsuppliers.com/natural-stone/,https://azturfsuppliers.com/winter-series,https://azturfsuppliers.com/winter-series/,308,25 May 2026 (00:28 UTC)
https://azturfsuppliers.com/natural-stone/,https://azturfsuppliers.com/phoenix,https://azturfsuppliers.com/phoenix/,308,18 May 2026 (00:27 UTC)
https://azturfsuppliers.com/natural-stone/,https://www.azturfsuppliers.com/natural-stone/,https://azturfsuppliers.com/natural-stone/,301,18 May 2026 (00:27 UTC)
https://azturfsuppliers.com/natural-stone/,https://azturfsuppliers.com/putting-green,https://azturfsuppliers.com/putting-green/,308,18 May 2026 (00:27 UTC)
https://azturfsuppliers.com/natural-stone/,https://azturfsuppliers.com/san-tan-valley,https://azturfsuppliers.com/san-tan-valley/,308,18 May 2026 (00:27 UTC)
https://azturfsuppliers.com/natural-stone/,https://azturfsuppliers.com/reviews,https://azturfsuppliers.com/reviews/,308,18 May 2026 (00:27 UTC)
https://azturfsuppliers.com/natural-stone/,https://azturfsuppliers.com/chandler,https://azturfsuppliers.com/chandler/,308,18 May 2026 (00:27 UTC)
https://azturfsuppliers.com/natural-stone/,https://azturfsuppliers.com/homeowners,https://azturfsuppliers.com/homeowners/,308,18 May 2026 (00:27 UTC)
https://azturfsuppliers.com/natural-stone/,https://azturfsuppliers.com/apache-junction,https://azturfsuppliers.com/apache-junction/,308,18 May 2026 (00:27 UTC)
https://azturfsuppliers.com/natural-stone/,https://azturfsuppliers.com/locations,https://azturfsuppliers.com/locations/,308,18 May 2026 (00:27 UTC)
https://azturfsuppliers.com/natural-stone/,https://azturfsuppliers.com/lead-free,https://azturfsuppliers.com/lead-free/,308,18 May 2026 (00:27 UTC)
https://azturfsuppliers.com/natural-stone/,https://azturfsuppliers.com/gilbert,https://azturfsuppliers.com/gilbert/,308,18 May 2026 (00:27 UTC)
https://azturfsuppliers.com/natural-stone/,https://azturfsuppliers.com/pavers,https://azturfsuppliers.com/pavers/,308,18 May 2026 (00:27 UTC)
https://azturfsuppliers.com/natural-stone/,https://azturfsuppliers.com/contact,https://azturfsuppliers.com/contact/,308,18 May 2026 (00:27 UTC)
https://azturfsuppliers.com/pavers/,https://azturfsuppliers.com/artificial-turf,https://azturfsuppliers.com/artificial-turf/,308,18 May 2026 (00:27 UTC)
https://azturfsuppliers.com/pavers/,https://azturfsuppliers.com/contractors,https://azturfsuppliers.com/contractors/,308,18 May 2026 (00:27 UTC)
https://azturfsuppliers.com/pavers/,https://azturfsuppliers.com/resources,https://azturfsuppliers.com/resources/,308,18 May 2026 (00:27 UTC)
https://azturfsuppliers.com/pavers/,https://azturfsuppliers.com/queen-creek,https://azturfsuppliers.com/queen-creek/,308,18 May 2026 (00:27 UTC)
https://azturfsuppliers.com/pavers/,https://azturfsuppliers.com/products,https://azturfsuppliers.com/products/,308,18 May 2026 (00:27 UTC)
https://azturfsuppliers.com/pavers/,https://azturfsuppliers.com/accessories,https://azturfsuppliers.com/accessories/,308,18 May 2026 (00:27 UTC)
https://azturfsuppliers.com/pavers/,https://azturfsuppliers.com/scottsdale,https://azturfsuppliers.com/scottsdale/,308,18 May 2026 (00:27 UTC)
https://azturfsuppliers.com/pavers/,https://azturfsuppliers.com/tempe,https://azturfsuppliers.com/tempe/,308,18 May 2026 (00:27 UTC)
https://azturfsuppliers.com/pavers/,https://azturfsuppliers.com/gallery,https://azturfsuppliers.com/gallery/,308,18 May 2026 (00:27 UTC)
https://azturfsuppliers.com/pavers/,https://azturfsuppliers.com/blog,https://azturfsuppliers.com/blog/,308,18 May 2026 (00:27 UTC)
https://azturfsuppliers.com/pavers/,https://azturfsuppliers.com/warranty,https://azturfsuppliers.com/warranty/,308,18 May 2026 (00:27 UTC)
https://azturfsuppliers.com/pavers/,https://azturfsuppliers.com/natural-series,https://azturfsuppliers.com/natural-series/,308,25 May 2026 (00:28 UTC)
https://azturfsuppliers.com/pavers/,https://azturfsuppliers.com/spring-blend,https://azturfsuppliers.com/spring-blend/,308,25 May 2026 (00:28 UTC)
https://azturfsuppliers.com/pavers/,https://azturfsuppliers.com/about,https://azturfsuppliers.com/about/,308,18 May 2026 (00:27 UTC)
https://azturfsuppliers.com/pavers/,https://azturfsuppliers.com/mesa,https://azturfsuppliers.com/mesa/,308,18 May 2026 (00:27 UTC)
https://azturfsuppliers.com/pavers/,https://azturfsuppliers.com/natural-stone,https://azturfsuppliers.com/natural-stone/,308,18 May 2026 (00:27 UTC)
https://azturfsuppliers.com/pavers/,https://azturfsuppliers.com/putting-green,https://azturfsuppliers.com/putting-green/,308,18 May 2026 (00:27 UTC)
https://azturfsuppliers.com/pavers/,https://azturfsuppliers.com/turf-calculator,https://azturfsuppliers.com/turf-calculator/,308,18 May 2026 (00:27 UTC)
https://azturfsuppliers.com/pavers/,https://www.azturfsuppliers.com/pavers/,https://azturfsuppliers.com/pavers/,301,18 May 2026 (00:27 UTC)
https://azturfsuppliers.com/pavers/,https://azturfsuppliers.com/phoenix,https://azturfsuppliers.com/phoenix/,308,18 May 2026 (00:27 UTC)
https://azturfsuppliers.com/pavers/,https://azturfsuppliers.com/winter-series,https://azturfsuppliers.com/winter-series/,308,25 May 2026 (00:28 UTC)
https://azturfsuppliers.com/pavers/,https://azturfsuppliers.com/bermuda-blend,https://azturfsuppliers.com/bermuda-blend/,308,25 May 2026 (00:28 UTC)
https://azturfsuppliers.com/pavers/,https://azturfsuppliers.com/san-tan-valley,https://azturfsuppliers.com/san-tan-valley/,308,18 May 2026 (00:27 UTC)
https://azturfsuppliers.com/pavers/,https://azturfsuppliers.com/reviews,https://azturfsuppliers.com/reviews/,308,18 May 2026 (00:27 UTC)
https://azturfsuppliers.com/pavers/,https://azturfsuppliers.com/chandler,https://azturfsuppliers.com/chandler/,308,18 May 2026 (00:27 UTC)
https://azturfsuppliers.com/pavers/,https://azturfsuppliers.com/apache-junction,https://azturfsuppliers.com/apache-junction/,308,18 May 2026 (00:27 UTC)
https://azturfsuppliers.com/pavers/,https://azturfsuppliers.com/landscape-lighting,https://azturfsuppliers.com/landscape-lighting/,308,18 May 2026 (00:27 UTC)
https://azturfsuppliers.com/pavers/,https://azturfsuppliers.com/contact,https://azturfsuppliers.com/contact/,308,18 May 2026 (00:27 UTC)
https://azturfsuppliers.com/pavers/,https://azturfsuppliers.com/pavers,https://azturfsuppliers.com/pavers/,308,18 May 2026 (00:27 UTC)
https://azturfsuppliers.com/pavers/,https://azturfsuppliers.com/gilbert,https://azturfsuppliers.com/gilbert/,308,18 May 2026 (00:27 UTC)
https://azturfsuppliers.com/pavers/,https://azturfsuppliers.com/lead-free,https://azturfsuppliers.com/lead-free/,308,18 May 2026 (00:27 UTC)
https://azturfsuppliers.com/pavers/,https://azturfsuppliers.com/locations,https://azturfsuppliers.com/locations/,308,18 May 2026 (00:27 UTC)
https://azturfsuppliers.com/pavers/,https://azturfsuppliers.com/homeowners,https://azturfsuppliers.com/homeowners/,308,18 May 2026 (00:27 UTC)
https://azturfsuppliers.com/phoenix/,https://azturfsuppliers.com/turf-calculator,https://azturfsuppliers.com/turf-calculator/,308,18 May 2026 (00:27 UTC)
https://azturfsuppliers.com/phoenix/,https://azturfsuppliers.com/artificial-turf,https://azturfsuppliers.com/artificial-turf/,308,18 May 2026 (00:27 UTC)
https://azturfsuppliers.com/phoenix/,https://azturfsuppliers.com/natural-stone,https://azturfsuppliers.com/natural-stone/,308,18 May 2026 (00:27 UTC)
https://azturfsuppliers.com/phoenix/,https://azturfsuppliers.com/contractors,https://azturfsuppliers.com/contractors/,308,18 May 2026 (00:27 UTC)
https://azturfsuppliers.com/phoenix/,https://azturfsuppliers.com/chandler,https://azturfsuppliers.com/chandler/,308,18 May 2026 (00:27 UTC)
https://azturfsuppliers.com/phoenix/,https://azturfsuppliers.com/resources,https://azturfsuppliers.com/resources/,308,18 May 2026 (00:27 UTC)
https://azturfsuppliers.com/phoenix/,https://azturfsuppliers.com/queen-creek,https://azturfsuppliers.com/queen-creek/,308,18 May 2026 (00:27 UTC)
https://azturfsuppliers.com/phoenix/,https://azturfsuppliers.com/products,https://azturfsuppliers.com/products/,308,18 May 2026 (00:27 UTC)
https://azturfsuppliers.com/phoenix/,https://azturfsuppliers.com/accessories,https://azturfsuppliers.com/accessories/,308,18 May 2026 (00:27 UTC)
https://azturfsuppliers.com/phoenix/,https://azturfsuppliers.com/scottsdale,https://azturfsuppliers.com/scottsdale/,308,18 May 2026 (00:27 UTC)
https://azturfsuppliers.com/phoenix/,https://azturfsuppliers.com/tempe,https://azturfsuppliers.com/tempe/,308,18 May 2026 (00:27 UTC)
https://azturfsuppliers.com/phoenix/,https://azturfsuppliers.com/gallery,https://azturfsuppliers.com/gallery/,308,18 May 2026 (00:27 UTC)
https://azturfsuppliers.com/phoenix/,https://azturfsuppliers.com/blog,https://azturfsuppliers.com/blog/,308,18 May 2026 (00:27 UTC)
https://azturfsuppliers.com/phoenix/,https://azturfsuppliers.com/warranty,https://azturfsuppliers.com/warranty/,308,18 May 2026 (00:27 UTC)
https://azturfsuppliers.com/phoenix/,https://azturfsuppliers.com/natural-series,https://azturfsuppliers.com/natural-series/,308,25 May 2026 (00:28 UTC)
https://azturfsuppliers.com/phoenix/,https://azturfsuppliers.com/spring-blend,https://azturfsuppliers.com/spring-blend/,308,25 May 2026 (00:28 UTC)
https://azturfsuppliers.com/phoenix/,https://azturfsuppliers.com/about,https://azturfsuppliers.com/about/,308,18 May 2026 (00:27 UTC)
https://azturfsuppliers.com/phoenix/,https://azturfsuppliers.com/mesa,https://azturfsuppliers.com/mesa/,308,18 May 2026 (00:27 UTC)
https://azturfsuppliers.com/phoenix/,https://azturfsuppliers.com/contact,https://azturfsuppliers.com/contact/,308,18 May 2026 (00:27 UTC)
https://azturfsuppliers.com/phoenix/,https://azturfsuppliers.com/phoenix,https://azturfsuppliers.com/phoenix/,308,18 May 2026 (00:27 UTC)
https://azturfsuppliers.com/phoenix/,https://www.azturfsuppliers.com/phoenix/,https://azturfsuppliers.com/phoenix/,301,18 May 2026 (00:27 UTC)
https://azturfsuppliers.com/phoenix/,https://azturfsuppliers.com/winter-series,https://azturfsuppliers.com/winter-series/,308,25 May 2026 (00:28 UTC)
https://azturfsuppliers.com/phoenix/,https://azturfsuppliers.com/bermuda-blend,https://azturfsuppliers.com/bermuda-blend/,308,25 May 2026 (00:28 UTC)
https://azturfsuppliers.com/phoenix/,https://azturfsuppliers.com/putting-green,https://azturfsuppliers.com/putting-green/,308,18 May 2026 (00:27 UTC)
https://azturfsuppliers.com/phoenix/,https://azturfsuppliers.com/san-tan-valley,https://azturfsuppliers.com/san-tan-valley/,308,18 May 2026 (00:27 UTC)
https://azturfsuppliers.com/phoenix/,https://azturfsuppliers.com/reviews,https://azturfsuppliers.com/reviews/,308,18 May 2026 (00:27 UTC)
https://azturfsuppliers.com/phoenix/,https://azturfsuppliers.com/homeowners,https://azturfsuppliers.com/homeowners/,308,18 May 2026 (00:27 UTC)
https://azturfsuppliers.com/phoenix/,https://azturfsuppliers.com/apache-junction,https://azturfsuppliers.com/apache-junction/,308,18 May 2026 (00:27 UTC)
https://azturfsuppliers.com/phoenix/,https://azturfsuppliers.com/locations,https://azturfsuppliers.com/locations/,308,18 May 2026 (00:27 UTC)
https://azturfsuppliers.com/phoenix/,https://azturfsuppliers.com/lead-free,https://azturfsuppliers.com/lead-free/,308,18 May 2026 (00:27 UTC)
https://azturfsuppliers.com/phoenix/,https://azturfsuppliers.com/gilbert,https://azturfsuppliers.com/gilbert/,308,18 May 2026 (00:27 UTC)
https://azturfsuppliers.com/phoenix/,https://azturfsuppliers.com/pavers,https://azturfsuppliers.com/pavers/,308,18 May 2026 (00:27 UTC)
https://azturfsuppliers.com/phoenix/,https://azturfsuppliers.com/landscape-lighting,https://azturfsuppliers.com/landscape-lighting/,308,18 May 2026 (00:27 UTC)
https://azturfsuppliers.com/products/,https://azturfsuppliers.com/about,https://azturfsuppliers.com/about/,308,18 May 2026 (00:27 UTC)
https://azturfsuppliers.com/products/,https://azturfsuppliers.com/mesa,https://azturfsuppliers.com/mesa/,308,18 May 2026 (00:27 UTC)
https://azturfsuppliers.com/products/,https://www.azturfsuppliers.com/products/,https://azturfsuppliers.com/products/,301,18 May 2026 (00:27 UTC)
https://azturfsuppliers.com/products/,https://azturfsuppliers.com/natural-series,https://azturfsuppliers.com/natural-series/,308,25 May 2026 (00:28 UTC)
https://azturfsuppliers.com/products/,https://azturfsuppliers.com/phoenix,https://azturfsuppliers.com/phoenix/,308,18 May 2026 (00:27 UTC)
https://azturfsuppliers.com/products/,https://azturfsuppliers.com/winter-series,https://azturfsuppliers.com/winter-series/,308,25 May 2026 (00:28 UTC)
https://azturfsuppliers.com/products/,https://azturfsuppliers.com/bermuda-blend,https://azturfsuppliers.com/bermuda-blend/,308,25 May 2026 (00:28 UTC)
https://azturfsuppliers.com/products/,https://azturfsuppliers.com/putting-green,https://azturfsuppliers.com/putting-green/,308,18 May 2026 (00:27 UTC)
https://azturfsuppliers.com/products/,https://azturfsuppliers.com/san-tan-valley,https://azturfsuppliers.com/san-tan-valley/,308,18 May 2026 (00:27 UTC)
https://azturfsuppliers.com/products/,https://azturfsuppliers.com/reviews,https://azturfsuppliers.com/reviews/,308,18 May 2026 (00:27 UTC)
https://azturfsuppliers.com/products/,https://azturfsuppliers.com/chandler,https://azturfsuppliers.com/chandler/,308,18 May 2026 (00:27 UTC)
https://azturfsuppliers.com/products/,https://azturfsuppliers.com/homeowners,https://azturfsuppliers.com/homeowners/,308,18 May 2026 (00:27 UTC)
https://azturfsuppliers.com/products/,https://azturfsuppliers.com/apache-junction,https://azturfsuppliers.com/apache-junction/,308,18 May 2026 (00:27 UTC)
https://azturfsuppliers.com/products/,https://azturfsuppliers.com/locations,https://azturfsuppliers.com/locations/,308,18 May 2026 (00:27 UTC)
https://azturfsuppliers.com/products/,https://azturfsuppliers.com/lead-free,https://azturfsuppliers.com/lead-free/,308,18 May 2026 (00:27 UTC)
https://azturfsuppliers.com/products/,https://azturfsuppliers.com/gilbert,https://azturfsuppliers.com/gilbert/,308,18 May 2026 (00:27 UTC)
https://azturfsuppliers.com/products/,https://azturfsuppliers.com/pavers,https://azturfsuppliers.com/pavers/,308,18 May 2026 (00:27 UTC)
https://azturfsuppliers.com/products/,https://azturfsuppliers.com/contact,https://azturfsuppliers.com/contact/,308,18 May 2026 (00:27 UTC)
https://azturfsuppliers.com/products/,https://azturfsuppliers.com/turf-calculator,https://azturfsuppliers.com/turf-calculator/,308,18 May 2026 (00:27 UTC)
https://azturfsuppliers.com/products/,https://azturfsuppliers.com/spring-blend,https://azturfsuppliers.com/spring-blend/,308,25 May 2026 (00:28 UTC)
https://azturfsuppliers.com/products/,https://azturfsuppliers.com/warranty,https://azturfsuppliers.com/warranty/,308,18 May 2026 (00:27 UTC)
https://azturfsuppliers.com/products/,https://azturfsuppliers.com/blog,https://azturfsuppliers.com/blog/,308,18 May 2026 (00:27 UTC)
https://azturfsuppliers.com/products/,https://azturfsuppliers.com/gallery,https://azturfsuppliers.com/gallery/,308,18 May 2026 (00:27 UTC)
https://azturfsuppliers.com/products/,https://azturfsuppliers.com/tempe,https://azturfsuppliers.com/tempe/,308,18 May 2026 (00:27 UTC)
https://azturfsuppliers.com/products/,https://azturfsuppliers.com/scottsdale,https://azturfsuppliers.com/scottsdale/,308,18 May 2026 (00:27 UTC)
https://azturfsuppliers.com/products/,https://azturfsuppliers.com/accessories,https://azturfsuppliers.com/accessories/,308,18 May 2026 (00:27 UTC)
https://azturfsuppliers.com/products/,https://azturfsuppliers.com/landscape-lighting,https://azturfsuppliers.com/landscape-lighting/,308,18 May 2026 (00:27 UTC)
https://azturfsuppliers.com/products/,https://azturfsuppliers.com/products,https://azturfsuppliers.com/products/,308,18 May 2026 (00:27 UTC)
https://azturfsuppliers.com/products/,https://azturfsuppliers.com/queen-creek,https://azturfsuppliers.com/queen-creek/,308,18 May 2026 (00:27 UTC)
https://azturfsuppliers.com/products/,https://azturfsuppliers.com/resources,https://azturfsuppliers.com/resources/,308,18 May 2026 (00:27 UTC)
https://azturfsuppliers.com/products/,https://azturfsuppliers.com/natural-stone,https://azturfsuppliers.com/natural-stone/,308,18 May 2026 (00:27 UTC)
https://azturfsuppliers.com/products/,https://azturfsuppliers.com/artificial-turf,https://azturfsuppliers.com/artificial-turf/,308,18 May 2026 (00:27 UTC)
https://azturfsuppliers.com/products/,https://azturfsuppliers.com/contractors,https://azturfsuppliers.com/contractors/,308,18 May 2026 (00:27 UTC)
https://azturfsuppliers.com/putting-green/,https://azturfsuppliers.com/warranty,https://azturfsuppliers.com/warranty/,308,18 May 2026 (00:27 UTC)
https://azturfsuppliers.com/putting-green/,https://azturfsuppliers.com/landscape-lighting,https://azturfsuppliers.com/landscape-lighting/,308,18 May 2026 (00:27 UTC)
https://azturfsuppliers.com/putting-green/,https://azturfsuppliers.com/turf-calculator,https://azturfsuppliers.com/turf-calculator/,308,18 May 2026 (00:27 UTC)
https://azturfsuppliers.com/putting-green/,https://azturfsuppliers.com/artificial-turf,https://azturfsuppliers.com/artificial-turf/,308,18 May 2026 (00:27 UTC)
https://azturfsuppliers.com/putting-green/,https://azturfsuppliers.com/natural-stone,https://azturfsuppliers.com/natural-stone/,308,18 May 2026 (00:27 UTC)
https://azturfsuppliers.com/putting-green/,https://azturfsuppliers.com/contractors,https://azturfsuppliers.com/contractors/,308,18 May 2026 (00:27 UTC)
https://azturfsuppliers.com/putting-green/,https://azturfsuppliers.com/resources,https://azturfsuppliers.com/resources/,308,18 May 2026 (00:27 UTC)
https://azturfsuppliers.com/putting-green/,https://azturfsuppliers.com/queen-creek,https://azturfsuppliers.com/queen-creek/,308,18 May 2026 (00:27 UTC)
https://azturfsuppliers.com/putting-green/,https://azturfsuppliers.com/products,https://azturfsuppliers.com/products/,308,18 May 2026 (00:27 UTC)
https://azturfsuppliers.com/putting-green/,https://azturfsuppliers.com/accessories,https://azturfsuppliers.com/accessories/,308,18 May 2026 (00:27 UTC)
https://azturfsuppliers.com/putting-green/,https://azturfsuppliers.com/scottsdale,https://azturfsuppliers.com/scottsdale/,308,18 May 2026 (00:27 UTC)
https://azturfsuppliers.com/putting-green/,https://azturfsuppliers.com/tempe,https://azturfsuppliers.com/tempe/,308,18 May 2026 (00:27 UTC)
https://azturfsuppliers.com/putting-green/,https://azturfsuppliers.com/gallery,https://azturfsuppliers.com/gallery/,308,18 May 2026 (00:27 UTC)
https://azturfsuppliers.com/putting-green/,https://azturfsuppliers.com/blog,https://azturfsuppliers.com/blog/,308,18 May 2026 (00:27 UTC)
https://azturfsuppliers.com/putting-green/,https://www.azturfsuppliers.com/putting-green/,https://azturfsuppliers.com/putting-green/,301,18 May 2026 (00:27 UTC)
https://azturfsuppliers.com/putting-green/,https://azturfsuppliers.com/contact,https://azturfsuppliers.com/contact/,308,18 May 2026 (00:27 UTC)
https://azturfsuppliers.com/putting-green/,https://azturfsuppliers.com/pavers,https://azturfsuppliers.com/pavers/,308,18 May 2026 (00:27 UTC)
https://azturfsuppliers.com/putting-green/,https://azturfsuppliers.com/gilbert,https://azturfsuppliers.com/gilbert/,308,18 May 2026 (00:27 UTC)
https://azturfsuppliers.com/putting-green/,https://azturfsuppliers.com/lead-free,https://azturfsuppliers.com/lead-free/,308,18 May 2026 (00:27 UTC)
https://azturfsuppliers.com/putting-green/,https://azturfsuppliers.com/locations,https://azturfsuppliers.com/locations/,308,18 May 2026 (00:27 UTC)
https://azturfsuppliers.com/putting-green/,https://azturfsuppliers.com/apache-junction,https://azturfsuppliers.com/apache-junction/,308,18 May 2026 (00:27 UTC)
https://azturfsuppliers.com/putting-green/,https://azturfsuppliers.com/homeowners,https://azturfsuppliers.com/homeowners/,308,18 May 2026 (00:27 UTC)
https://azturfsuppliers.com/putting-green/,https://azturfsuppliers.com/chandler,https://azturfsuppliers.com/chandler/,308,18 May 2026 (00:27 UTC)
https://azturfsuppliers.com/putting-green/,https://azturfsuppliers.com/reviews,https://azturfsuppliers.com/reviews/,308,18 May 2026 (00:27 UTC)
https://azturfsuppliers.com/putting-green/,https://azturfsuppliers.com/san-tan-valley,https://azturfsuppliers.com/san-tan-valley/,308,18 May 2026 (00:27 UTC)
https://azturfsuppliers.com/putting-green/,https://azturfsuppliers.com/putting-green,https://azturfsuppliers.com/putting-green/,308,18 May 2026 (00:27 UTC)
https://azturfsuppliers.com/putting-green/,https://azturfsuppliers.com/bermuda-blend,https://azturfsuppliers.com/bermuda-blend/,308,25 May 2026 (00:28 UTC)
https://azturfsuppliers.com/putting-green/,https://azturfsuppliers.com/winter-series,https://azturfsuppliers.com/winter-series/,308,25 May 2026 (00:28 UTC)
https://azturfsuppliers.com/putting-green/,https://azturfsuppliers.com/phoenix,https://azturfsuppliers.com/phoenix/,308,18 May 2026 (00:27 UTC)
https://azturfsuppliers.com/putting-green/,https://azturfsuppliers.com/mesa,https://azturfsuppliers.com/mesa/,308,18 May 2026 (00:27 UTC)
https://azturfsuppliers.com/putting-green/,https://azturfsuppliers.com/about,https://azturfsuppliers.com/about/,308,18 May 2026 (00:27 UTC)
https://azturfsuppliers.com/putting-green/,https://azturfsuppliers.com/spring-blend,https://azturfsuppliers.com/spring-blend/,308,25 May 2026 (00:28 UTC)
https://azturfsuppliers.com/putting-green/,https://azturfsuppliers.com/natural-series,https://azturfsuppliers.com/natural-series/,308,25 May 2026 (00:28 UTC)
https://azturfsuppliers.com/queen-creek/,https://azturfsuppliers.com/pavers,https://azturfsuppliers.com/pavers/,308,18 May 2026 (00:27 UTC)
https://azturfsuppliers.com/queen-creek/,https://azturfsuppliers.com/about,https://azturfsuppliers.com/about/,308,18 May 2026 (00:27 UTC)
https://azturfsuppliers.com/queen-creek/,https://azturfsuppliers.com/gilbert,https://azturfsuppliers.com/gilbert/,308,18 May 2026 (00:27 UTC)
https://azturfsuppliers.com/queen-creek/,https://azturfsuppliers.com/lead-free,https://azturfsuppliers.com/lead-free/,308,18 May 2026 (00:27 UTC)
https://azturfsuppliers.com/queen-creek/,https://azturfsuppliers.com/locations,https://azturfsuppliers.com/locations/,308,18 May 2026 (00:27 UTC)
https://azturfsuppliers.com/queen-creek/,https://azturfsuppliers.com/apache-junction,https://azturfsuppliers.com/apache-junction/,308,18 May 2026 (00:27 UTC)
https://azturfsuppliers.com/queen-creek/,https://azturfsuppliers.com/homeowners,https://azturfsuppliers.com/homeowners/,308,18 May 2026 (00:27 UTC)
https://azturfsuppliers.com/queen-creek/,https://azturfsuppliers.com/chandler,https://azturfsuppliers.com/chandler/,308,18 May 2026 (00:27 UTC)
https://azturfsuppliers.com/queen-creek/,https://azturfsuppliers.com/reviews,https://azturfsuppliers.com/reviews/,308,18 May 2026 (00:27 UTC)
https://azturfsuppliers.com/queen-creek/,https://azturfsuppliers.com/san-tan-valley,https://azturfsuppliers.com/san-tan-valley/,308,18 May 2026 (00:27 UTC)
https://azturfsuppliers.com/queen-creek/,https://azturfsuppliers.com/putting-green,https://azturfsuppliers.com/putting-green/,308,18 May 2026 (00:27 UTC)
https://azturfsuppliers.com/queen-creek/,https://azturfsuppliers.com/bermuda-blend,https://azturfsuppliers.com/bermuda-blend/,308,25 May 2026 (00:28 UTC)
https://azturfsuppliers.com/queen-creek/,https://azturfsuppliers.com/winter-series,https://azturfsuppliers.com/winter-series/,308,25 May 2026 (00:28 UTC)
https://azturfsuppliers.com/queen-creek/,https://azturfsuppliers.com/phoenix,https://azturfsuppliers.com/phoenix/,308,18 May 2026 (00:27 UTC)
https://azturfsuppliers.com/queen-creek/,https://www.azturfsuppliers.com/queen-creek/,https://azturfsuppliers.com/queen-creek/,301,18 May 2026 (00:27 UTC)
https://azturfsuppliers.com/queen-creek/,https://azturfsuppliers.com/landscape-lighting,https://azturfsuppliers.com/landscape-lighting/,308,18 May 2026 (00:27 UTC)
https://azturfsuppliers.com/queen-creek/,https://azturfsuppliers.com/spring-blend,https://azturfsuppliers.com/spring-blend/,308,25 May 2026 (00:28 UTC)
https://azturfsuppliers.com/queen-creek/,https://azturfsuppliers.com/mesa,https://azturfsuppliers.com/mesa/,308,18 May 2026 (00:27 UTC)
https://azturfsuppliers.com/queen-creek/,https://azturfsuppliers.com/natural-series,https://azturfsuppliers.com/natural-series/,308,25 May 2026 (00:28 UTC)
https://azturfsuppliers.com/queen-creek/,https://azturfsuppliers.com/warranty,https://azturfsuppliers.com/warranty/,308,18 May 2026 (00:27 UTC)
https://azturfsuppliers.com/queen-creek/,https://azturfsuppliers.com/blog,https://azturfsuppliers.com/blog/,308,18 May 2026 (00:27 UTC)
https://azturfsuppliers.com/queen-creek/,https://azturfsuppliers.com/gallery,https://azturfsuppliers.com/gallery/,308,18 May 2026 (00:27 UTC)
https://azturfsuppliers.com/queen-creek/,https://azturfsuppliers.com/tempe,https://azturfsuppliers.com/tempe/,308,18 May 2026 (00:27 UTC)
https://azturfsuppliers.com/queen-creek/,https://azturfsuppliers.com/scottsdale,https://azturfsuppliers.com/scottsdale/,308,18 May 2026 (00:27 UTC)
https://azturfsuppliers.com/queen-creek/,https://azturfsuppliers.com/accessories,https://azturfsuppliers.com/accessories/,308,18 May 2026 (00:27 UTC)
https://azturfsuppliers.com/queen-creek/,https://azturfsuppliers.com/products,https://azturfsuppliers.com/products/,308,18 May 2026 (00:27 UTC)
https://azturfsuppliers.com/queen-creek/,https://azturfsuppliers.com/queen-creek,https://azturfsuppliers.com/queen-creek/,308,18 May 2026 (00:27 UTC)
https://azturfsuppliers.com/queen-creek/,https://azturfsuppliers.com/resources,https://azturfsuppliers.com/resources/,308,18 May 2026 (00:27 UTC)
https://azturfsuppliers.com/queen-creek/,https://azturfsuppliers.com/contractors,https://azturfsuppliers.com/contractors/,308,18 May 2026 (00:27 UTC)
https://azturfsuppliers.com/queen-creek/,https://azturfsuppliers.com/natural-stone,https://azturfsuppliers.com/natural-stone/,308,18 May 2026 (00:27 UTC)
https://azturfsuppliers.com/queen-creek/,https://azturfsuppliers.com/artificial-turf,https://azturfsuppliers.com/artificial-turf/,308,18 May 2026 (00:27 UTC)
https://azturfsuppliers.com/queen-creek/,https://azturfsuppliers.com/turf-calculator,https://azturfsuppliers.com/turf-calculator/,308,18 May 2026 (00:27 UTC)
https://azturfsuppliers.com/queen-creek/,https://azturfsuppliers.com/contact,https://azturfsuppliers.com/contact/,308,18 May 2026 (00:27 UTC)
https://azturfsuppliers.com/resources/,https://azturfsuppliers.com/natural-stone,https://azturfsuppliers.com/natural-stone/,308,18 May 2026 (00:27 UTC)
https://azturfsuppliers.com/resources/,https://azturfsuppliers.com/landscape-lighting,https://azturfsuppliers.com/landscape-lighting/,308,18 May 2026 (00:27 UTC)
https://azturfsuppliers.com/resources/,https://www.azturfsuppliers.com/resources/,https://azturfsuppliers.com/resources/,301,18 May 2026 (00:27 UTC)
https://azturfsuppliers.com/resources/,https://azturfsuppliers.com/phoenix,https://azturfsuppliers.com/phoenix/,308,18 May 2026 (00:27 UTC)
https://azturfsuppliers.com/resources/,https://azturfsuppliers.com/winter-series,https://azturfsuppliers.com/winter-series/,308,25 May 2026 (00:28 UTC)
https://azturfsuppliers.com/resources/,https://azturfsuppliers.com/bermuda-blend,https://azturfsuppliers.com/bermuda-blend/,308,25 May 2026 (00:28 UTC)
https://azturfsuppliers.com/resources/,https://azturfsuppliers.com/putting-green,https://azturfsuppliers.com/putting-green/,308,18 May 2026 (00:27 UTC)
https://azturfsuppliers.com/resources/,https://azturfsuppliers.com/san-tan-valley,https://azturfsuppliers.com/san-tan-valley/,308,18 May 2026 (00:27 UTC)
https://azturfsuppliers.com/resources/,https://azturfsuppliers.com/reviews,https://azturfsuppliers.com/reviews/,308,18 May 2026 (00:27 UTC)
https://azturfsuppliers.com/resources/,https://azturfsuppliers.com/chandler,https://azturfsuppliers.com/chandler/,308,18 May 2026 (00:27 UTC)
https://azturfsuppliers.com/resources/,https://azturfsuppliers.com/homeowners,https://azturfsuppliers.com/homeowners/,308,18 May 2026 (00:27 UTC)
https://azturfsuppliers.com/resources/,https://azturfsuppliers.com/apache-junction,https://azturfsuppliers.com/apache-junction/,308,18 May 2026 (00:27 UTC)
https://azturfsuppliers.com/resources/,https://azturfsuppliers.com/locations,https://azturfsuppliers.com/locations/,308,18 May 2026 (00:27 UTC)
https://azturfsuppliers.com/resources/,https://azturfsuppliers.com/lead-free,https://azturfsuppliers.com/lead-free/,308,18 May 2026 (00:27 UTC)
https://azturfsuppliers.com/resources/,https://azturfsuppliers.com/gilbert,https://azturfsuppliers.com/gilbert/,308,18 May 2026 (00:27 UTC)
https://azturfsuppliers.com/resources/,https://azturfsuppliers.com/pavers,https://azturfsuppliers.com/pavers/,308,18 May 2026 (00:27 UTC)
https://azturfsuppliers.com/resources/,https://azturfsuppliers.com/contact,https://azturfsuppliers.com/contact/,308,18 May 2026 (00:27 UTC)
https://azturfsuppliers.com/resources/,https://azturfsuppliers.com/turf-calculator,https://azturfsuppliers.com/turf-calculator/,308,18 May 2026 (00:27 UTC)
https://azturfsuppliers.com/resources/,https://azturfsuppliers.com/about,https://azturfsuppliers.com/about/,308,18 May 2026 (00:27 UTC)
https://azturfsuppliers.com/resources/,https://azturfsuppliers.com/spring-blend,https://azturfsuppliers.com/spring-blend/,308,25 May 2026 (00:28 UTC)
https://azturfsuppliers.com/resources/,https://azturfsuppliers.com/natural-series,https://azturfsuppliers.com/natural-series/,308,25 May 2026 (00:28 UTC)
https://azturfsuppliers.com/resources/,https://azturfsuppliers.com/warranty,https://azturfsuppliers.com/warranty/,308,18 May 2026 (00:27 UTC)
https://azturfsuppliers.com/resources/,https://azturfsuppliers.com/blog,https://azturfsuppliers.com/blog/,308,18 May 2026 (00:27 UTC)
https://azturfsuppliers.com/resources/,https://azturfsuppliers.com/gallery,https://azturfsuppliers.com/gallery/,308,18 May 2026 (00:27 UTC)
https://azturfsuppliers.com/resources/,https://azturfsuppliers.com/tempe,https://azturfsuppliers.com/tempe/,308,18 May 2026 (00:27 UTC)
https://azturfsuppliers.com/resources/,https://azturfsuppliers.com/scottsdale,https://azturfsuppliers.com/scottsdale/,308,18 May 2026 (00:27 UTC)
https://azturfsuppliers.com/resources/,https://azturfsuppliers.com/accessories,https://azturfsuppliers.com/accessories/,308,18 May 2026 (00:27 UTC)
https://azturfsuppliers.com/resources/,https://azturfsuppliers.com/products,https://azturfsuppliers.com/products/,308,18 May 2026 (00:27 UTC)
https://azturfsuppliers.com/resources/,https://azturfsuppliers.com/queen-creek,https://azturfsuppliers.com/queen-creek/,308,18 May 2026 (00:27 UTC)
https://azturfsuppliers.com/resources/,https://azturfsuppliers.com/resources,https://azturfsuppliers.com/resources/,308,18 May 2026 (00:27 UTC)
https://azturfsuppliers.com/resources/,https://azturfsuppliers.com/contractors,https://azturfsuppliers.com/contractors/,308,18 May 2026 (00:27 UTC)
https://azturfsuppliers.com/resources/,https://azturfsuppliers.com/artificial-turf,https://azturfsuppliers.com/artificial-turf/,308,18 May 2026 (00:27 UTC)
https://azturfsuppliers.com/resources/,https://azturfsuppliers.com/mesa,https://azturfsuppliers.com/mesa/,308,18 May 2026 (00:27 UTC)
https://azturfsuppliers.com/reviews/,https://azturfsuppliers.com/chandler,https://azturfsuppliers.com/chandler/,308,18 May 2026 (00:27 UTC)
https://azturfsuppliers.com/reviews/,https://azturfsuppliers.com/about,https://azturfsuppliers.com/about/,308,18 May 2026 (00:27 UTC)
https://azturfsuppliers.com/reviews/,https://azturfsuppliers.com/accessories,https://azturfsuppliers.com/accessories/,308,18 May 2026 (00:27 UTC)
https://azturfsuppliers.com/reviews/,https://azturfsuppliers.com/scottsdale,https://azturfsuppliers.com/scottsdale/,308,18 May 2026 (00:27 UTC)
https://azturfsuppliers.com/reviews/,https://azturfsuppliers.com/tempe,https://azturfsuppliers.com/tempe/,308,18 May 2026 (00:27 UTC)
https://azturfsuppliers.com/reviews/,https://azturfsuppliers.com/gallery,https://azturfsuppliers.com/gallery/,308,18 May 2026 (00:27 UTC)
https://azturfsuppliers.com/reviews/,https://azturfsuppliers.com/blog,https://azturfsuppliers.com/blog/,308,18 May 2026 (00:27 UTC)
https://azturfsuppliers.com/reviews/,https://azturfsuppliers.com/warranty,https://azturfsuppliers.com/warranty/,308,18 May 2026 (00:27 UTC)
https://azturfsuppliers.com/reviews/,https://azturfsuppliers.com/natural-series,https://azturfsuppliers.com/natural-series/,308,25 May 2026 (00:28 UTC)
https://azturfsuppliers.com/reviews/,https://azturfsuppliers.com/spring-blend,https://azturfsuppliers.com/spring-blend/,308,25 May 2026 (00:28 UTC)
https://azturfsuppliers.com/reviews/,https://azturfsuppliers.com/products,https://azturfsuppliers.com/products/,308,18 May 2026 (00:27 UTC)
https://azturfsuppliers.com/reviews/,https://azturfsuppliers.com/mesa,https://azturfsuppliers.com/mesa/,308,18 May 2026 (00:27 UTC)
https://azturfsuppliers.com/reviews/,https://azturfsuppliers.com/san-tan-valley,https://azturfsuppliers.com/san-tan-valley/,308,18 May 2026 (00:27 UTC)
https://azturfsuppliers.com/reviews/,https://azturfsuppliers.com/putting-green,https://azturfsuppliers.com/putting-green/,308,18 May 2026 (00:27 UTC)
https://azturfsuppliers.com/reviews/,https://azturfsuppliers.com/bermuda-blend,https://azturfsuppliers.com/bermuda-blend/,308,25 May 2026 (00:28 UTC)
https://azturfsuppliers.com/reviews/,https://azturfsuppliers.com/winter-series,https://azturfsuppliers.com/winter-series/,308,25 May 2026 (00:28 UTC)
https://azturfsuppliers.com/reviews/,https://azturfsuppliers.com/phoenix,https://azturfsuppliers.com/phoenix/,308,18 May 2026 (00:27 UTC)
https://azturfsuppliers.com/reviews/,https://www.azturfsuppliers.com/reviews/,https://azturfsuppliers.com/reviews/,301,18 May 2026 (00:27 UTC)
https://azturfsuppliers.com/reviews/,https://azturfsuppliers.com/queen-creek,https://azturfsuppliers.com/queen-creek/,308,18 May 2026 (00:27 UTC)
https://azturfsuppliers.com/reviews/,https://azturfsuppliers.com/resources,https://azturfsuppliers.com/resources/,308,18 May 2026 (00:27 UTC)
https://azturfsuppliers.com/reviews/,https://azturfsuppliers.com/contractors,https://azturfsuppliers.com/contractors/,308,18 May 2026 (00:27 UTC)
https://azturfsuppliers.com/reviews/,https://azturfsuppliers.com/natural-stone,https://azturfsuppliers.com/natural-stone/,308,18 May 2026 (00:27 UTC)
https://azturfsuppliers.com/reviews/,https://azturfsuppliers.com/artificial-turf,https://azturfsuppliers.com/artificial-turf/,308,18 May 2026 (00:27 UTC)
https://azturfsuppliers.com/reviews/,https://azturfsuppliers.com/turf-calculator,https://azturfsuppliers.com/turf-calculator/,308,18 May 2026 (00:27 UTC)
https://azturfsuppliers.com/reviews/,https://azturfsuppliers.com/landscape-lighting,https://azturfsuppliers.com/landscape-lighting/,308,18 May 2026 (00:27 UTC)
https://azturfsuppliers.com/reviews/,https://azturfsuppliers.com/contact,https://azturfsuppliers.com/contact/,308,18 May 2026 (00:27 UTC)
https://azturfsuppliers.com/reviews/,https://azturfsuppliers.com/pavers,https://azturfsuppliers.com/pavers/,308,18 May 2026 (00:27 UTC)
https://azturfsuppliers.com/reviews/,https://azturfsuppliers.com/gilbert,https://azturfsuppliers.com/gilbert/,308,18 May 2026 (00:27 UTC)
https://azturfsuppliers.com/reviews/,https://azturfsuppliers.com/lead-free,https://azturfsuppliers.com/lead-free/,308,18 May 2026 (00:27 UTC)
https://azturfsuppliers.com/reviews/,https://azturfsuppliers.com/locations,https://azturfsuppliers.com/locations/,308,18 May 2026 (00:27 UTC)
https://azturfsuppliers.com/reviews/,https://azturfsuppliers.com/apache-junction,https://azturfsuppliers.com/apache-junction/,308,18 May 2026 (00:27 UTC)
https://azturfsuppliers.com/reviews/,https://azturfsuppliers.com/homeowners,https://azturfsuppliers.com/homeowners/,308,18 May 2026 (00:27 UTC)
https://azturfsuppliers.com/reviews/,https://azturfsuppliers.com/reviews,https://azturfsuppliers.com/reviews/,308,18 May 2026 (00:27 UTC)
https://azturfsuppliers.com/san-tan-valley/,https://www.azturfsuppliers.com/san-tan-valley/,https://azturfsuppliers.com/san-tan-valley/,301,18 May 2026 (00:27 UTC)
https://azturfsuppliers.com/san-tan-valley/,https://azturfsuppliers.com/chandler,https://azturfsuppliers.com/chandler/,308,18 May 2026 (00:27 UTC)
https://azturfsuppliers.com/san-tan-valley/,https://azturfsuppliers.com/landscape-lighting,https://azturfsuppliers.com/landscape-lighting/,308,18 May 2026 (00:27 UTC)
https://azturfsuppliers.com/san-tan-valley/,https://azturfsuppliers.com/contact,https://azturfsuppliers.com/contact/,308,18 May 2026 (00:27 UTC)
https://azturfsuppliers.com/san-tan-valley/,https://azturfsuppliers.com/pavers,https://azturfsuppliers.com/pavers/,308,18 May 2026 (00:27 UTC)
https://azturfsuppliers.com/san-tan-valley/,https://azturfsuppliers.com/gilbert,https://azturfsuppliers.com/gilbert/,308,18 May 2026 (00:27 UTC)
https://azturfsuppliers.com/san-tan-valley/,https://azturfsuppliers.com/lead-free,https://azturfsuppliers.com/lead-free/,308,18 May 2026 (00:27 UTC)
https://azturfsuppliers.com/san-tan-valley/,https://azturfsuppliers.com/locations,https://azturfsuppliers.com/locations/,308,18 May 2026 (00:27 UTC)
https://azturfsuppliers.com/san-tan-valley/,https://azturfsuppliers.com/apache-junction,https://azturfsuppliers.com/apache-junction/,308,18 May 2026 (00:27 UTC)
https://azturfsuppliers.com/san-tan-valley/,https://azturfsuppliers.com/homeowners,https://azturfsuppliers.com/homeowners/,308,18 May 2026 (00:27 UTC)
https://azturfsuppliers.com/san-tan-valley/,https://azturfsuppliers.com/about,https://azturfsuppliers.com/about/,308,18 May 2026 (00:27 UTC)
https://azturfsuppliers.com/san-tan-valley/,https://azturfsuppliers.com/reviews,https://azturfsuppliers.com/reviews/,308,18 May 2026 (00:27 UTC)
https://azturfsuppliers.com/san-tan-valley/,https://azturfsuppliers.com/san-tan-valley,https://azturfsuppliers.com/san-tan-valley/,308,18 May 2026 (00:27 UTC)
https://azturfsuppliers.com/san-tan-valley/,https://azturfsuppliers.com/putting-green,https://azturfsuppliers.com/putting-green/,308,18 May 2026 (00:27 UTC)
https://azturfsuppliers.com/san-tan-valley/,https://azturfsuppliers.com/bermuda-blend,https://azturfsuppliers.com/bermuda-blend/,308,25 May 2026 (00:28 UTC)
https://azturfsuppliers.com/san-tan-valley/,https://azturfsuppliers.com/winter-series,https://azturfsuppliers.com/winter-series/,308,25 May 2026 (00:28 UTC)
https://azturfsuppliers.com/san-tan-valley/,https://azturfsuppliers.com/phoenix,https://azturfsuppliers.com/phoenix/,308,18 May 2026 (00:27 UTC)
https://azturfsuppliers.com/san-tan-valley/,https://azturfsuppliers.com/mesa,https://azturfsuppliers.com/mesa/,308,18 May 2026 (00:27 UTC)
https://azturfsuppliers.com/san-tan-valley/,https://azturfsuppliers.com/artificial-turf,https://azturfsuppliers.com/artificial-turf/,308,18 May 2026 (00:27 UTC)
https://azturfsuppliers.com/san-tan-valley/,https://azturfsuppliers.com/turf-calculator,https://azturfsuppliers.com/turf-calculator/,308,18 May 2026 (00:27 UTC)
https://azturfsuppliers.com/san-tan-valley/,https://azturfsuppliers.com/spring-blend,https://azturfsuppliers.com/spring-blend/,308,25 May 2026 (00:28 UTC)
https://azturfsuppliers.com/san-tan-valley/,https://azturfsuppliers.com/natural-series,https://azturfsuppliers.com/natural-series/,308,25 May 2026 (00:28 UTC)
https://azturfsuppliers.com/san-tan-valley/,https://azturfsuppliers.com/warranty,https://azturfsuppliers.com/warranty/,308,18 May 2026 (00:27 UTC)
https://azturfsuppliers.com/san-tan-valley/,https://azturfsuppliers.com/blog,https://azturfsuppliers.com/blog/,308,18 May 2026 (00:27 UTC)
https://azturfsuppliers.com/san-tan-valley/,https://azturfsuppliers.com/gallery,https://azturfsuppliers.com/gallery/,308,18 May 2026 (00:27 UTC)
https://azturfsuppliers.com/san-tan-valley/,https://azturfsuppliers.com/tempe,https://azturfsuppliers.com/tempe/,308,18 May 2026 (00:27 UTC)
https://azturfsuppliers.com/san-tan-valley/,https://azturfsuppliers.com/scottsdale,https://azturfsuppliers.com/scottsdale/,308,18 May 2026 (00:27 UTC)
https://azturfsuppliers.com/san-tan-valley/,https://azturfsuppliers.com/accessories,https://azturfsuppliers.com/accessories/,308,18 May 2026 (00:27 UTC)
https://azturfsuppliers.com/san-tan-valley/,https://azturfsuppliers.com/products,https://azturfsuppliers.com/products/,308,18 May 2026 (00:27 UTC)
https://azturfsuppliers.com/san-tan-valley/,https://azturfsuppliers.com/queen-creek,https://azturfsuppliers.com/queen-creek/,308,18 May 2026 (00:27 UTC)
https://azturfsuppliers.com/san-tan-valley/,https://azturfsuppliers.com/resources,https://azturfsuppliers.com/resources/,308,18 May 2026 (00:27 UTC)
https://azturfsuppliers.com/san-tan-valley/,https://azturfsuppliers.com/contractors,https://azturfsuppliers.com/contractors/,308,18 May 2026 (00:27 UTC)
https://azturfsuppliers.com/san-tan-valley/,https://azturfsuppliers.com/natural-stone,https://azturfsuppliers.com/natural-stone/,308,18 May 2026 (00:27 UTC)
https://azturfsuppliers.com/scottsdale/,https://azturfsuppliers.com/turf-calculator,https://azturfsuppliers.com/turf-calculator/,308,18 May 2026 (00:27 UTC)
https://azturfsuppliers.com/scottsdale/,https://azturfsuppliers.com/artificial-turf,https://azturfsuppliers.com/artificial-turf/,308,18 May 2026 (00:27 UTC)
https://azturfsuppliers.com/scottsdale/,https://azturfsuppliers.com/natural-stone,https://azturfsuppliers.com/natural-stone/,308,18 May 2026 (00:27 UTC)
https://azturfsuppliers.com/scottsdale/,https://azturfsuppliers.com/contractors,https://azturfsuppliers.com/contractors/,308,18 May 2026 (00:27 UTC)
https://azturfsuppliers.com/scottsdale/,https://azturfsuppliers.com/resources,https://azturfsuppliers.com/resources/,308,18 May 2026 (00:27 UTC)
https://azturfsuppliers.com/scottsdale/,https://azturfsuppliers.com/queen-creek,https://azturfsuppliers.com/queen-creek/,308,18 May 2026 (00:27 UTC)
https://azturfsuppliers.com/scottsdale/,https://azturfsuppliers.com/products,https://azturfsuppliers.com/products/,308,18 May 2026 (00:27 UTC)
https://azturfsuppliers.com/scottsdale/,https://azturfsuppliers.com/accessories,https://azturfsuppliers.com/accessories/,308,18 May 2026 (00:27 UTC)
https://azturfsuppliers.com/scottsdale/,https://azturfsuppliers.com/scottsdale,https://azturfsuppliers.com/scottsdale/,308,18 May 2026 (00:27 UTC)
https://azturfsuppliers.com/scottsdale/,https://azturfsuppliers.com/tempe,https://azturfsuppliers.com/tempe/,308,18 May 2026 (00:27 UTC)
https://azturfsuppliers.com/scottsdale/,https://azturfsuppliers.com/gallery,https://azturfsuppliers.com/gallery/,308,18 May 2026 (00:27 UTC)
https://azturfsuppliers.com/scottsdale/,https://azturfsuppliers.com/blog,https://azturfsuppliers.com/blog/,308,18 May 2026 (00:27 UTC)
https://azturfsuppliers.com/scottsdale/,https://azturfsuppliers.com/warranty,https://azturfsuppliers.com/warranty/,308,18 May 2026 (00:27 UTC)
https://azturfsuppliers.com/scottsdale/,https://azturfsuppliers.com/natural-series,https://azturfsuppliers.com/natural-series/,308,25 May 2026 (00:28 UTC)
https://azturfsuppliers.com/scottsdale/,https://azturfsuppliers.com/spring-blend,https://azturfsuppliers.com/spring-blend/,308,25 May 2026 (00:28 UTC)
https://azturfsuppliers.com/scottsdale/,https://azturfsuppliers.com/about,https://azturfsuppliers.com/about/,308,18 May 2026 (00:27 UTC)
https://azturfsuppliers.com/scottsdale/,https://azturfsuppliers.com/mesa,https://azturfsuppliers.com/mesa/,308,18 May 2026 (00:27 UTC)
https://azturfsuppliers.com/scottsdale/,https://azturfsuppliers.com/contact,https://azturfsuppliers.com/contact/,308,18 May 2026 (00:27 UTC)
https://azturfsuppliers.com/scottsdale/,https://www.azturfsuppliers.com/scottsdale/,https://azturfsuppliers.com/scottsdale/,301,18 May 2026 (00:27 UTC)
https://azturfsuppliers.com/scottsdale/,https://azturfsuppliers.com/phoenix,https://azturfsuppliers.com/phoenix/,308,18 May 2026 (00:27 UTC)
https://azturfsuppliers.com/scottsdale/,https://azturfsuppliers.com/winter-series,https://azturfsuppliers.com/winter-series/,308,25 May 2026 (00:28 UTC)
https://azturfsuppliers.com/scottsdale/,https://azturfsuppliers.com/bermuda-blend,https://azturfsuppliers.com/bermuda-blend/,308,25 May 2026 (00:28 UTC)
https://azturfsuppliers.com/scottsdale/,https://azturfsuppliers.com/putting-green,https://azturfsuppliers.com/putting-green/,308,18 May 2026 (00:27 UTC)
https://azturfsuppliers.com/scottsdale/,https://azturfsuppliers.com/san-tan-valley,https://azturfsuppliers.com/san-tan-valley/,308,18 May 2026 (00:27 UTC)
https://azturfsuppliers.com/scottsdale/,https://azturfsuppliers.com/reviews,https://azturfsuppliers.com/reviews/,308,18 May 2026 (00:27 UTC)
https://azturfsuppliers.com/scottsdale/,https://azturfsuppliers.com/chandler,https://azturfsuppliers.com/chandler/,308,18 May 2026 (00:27 UTC)
https://azturfsuppliers.com/scottsdale/,https://azturfsuppliers.com/homeowners,https://azturfsuppliers.com/homeowners/,308,18 May 2026 (00:27 UTC)
https://azturfsuppliers.com/scottsdale/,https://azturfsuppliers.com/apache-junction,https://azturfsuppliers.com/apache-junction/,308,18 May 2026 (00:27 UTC)
https://azturfsuppliers.com/scottsdale/,https://azturfsuppliers.com/locations,https://azturfsuppliers.com/locations/,308,18 May 2026 (00:27 UTC)
https://azturfsuppliers.com/scottsdale/,https://azturfsuppliers.com/lead-free,https://azturfsuppliers.com/lead-free/,308,18 May 2026 (00:27 UTC)
https://azturfsuppliers.com/scottsdale/,https://azturfsuppliers.com/gilbert,https://azturfsuppliers.com/gilbert/,308,18 May 2026 (00:27 UTC)
https://azturfsuppliers.com/scottsdale/,https://azturfsuppliers.com/pavers,https://azturfsuppliers.com/pavers/,308,18 May 2026 (00:27 UTC)
https://azturfsuppliers.com/scottsdale/,https://azturfsuppliers.com/landscape-lighting,https://azturfsuppliers.com/landscape-lighting/,308,18 May 2026 (00:27 UTC)
https://azturfsuppliers.com/spring-blend-107/,https://azturfsuppliers.com/mesa,https://azturfsuppliers.com/mesa/,308,18 May 2026 (00:27 UTC)
https://azturfsuppliers.com/spring-blend-107/,https://azturfsuppliers.com/chandler,https://azturfsuppliers.com/chandler/,308,18 May 2026 (00:27 UTC)
https://azturfsuppliers.com/spring-blend-107/,https://azturfsuppliers.com/landscape-lighting,https://azturfsuppliers.com/landscape-lighting/,308,18 May 2026 (00:27 UTC)
https://azturfsuppliers.com/spring-blend-107/,https://azturfsuppliers.com/contact,https://azturfsuppliers.com/contact/,308,18 May 2026 (00:27 UTC)
https://azturfsuppliers.com/spring-blend-107/,https://azturfsuppliers.com/pavers,https://azturfsuppliers.com/pavers/,308,18 May 2026 (00:27 UTC)
https://azturfsuppliers.com/spring-blend-107/,https://azturfsuppliers.com/gilbert,https://azturfsuppliers.com/gilbert/,308,18 May 2026 (00:27 UTC)
https://azturfsuppliers.com/spring-blend-107/,https://azturfsuppliers.com/lead-free,https://azturfsuppliers.com/lead-free/,308,18 May 2026 (00:27 UTC)
https://azturfsuppliers.com/spring-blend-107/,https://azturfsuppliers.com/locations,https://azturfsuppliers.com/locations/,308,18 May 2026 (00:27 UTC)
https://azturfsuppliers.com/spring-blend-107/,https://azturfsuppliers.com/apache-junction,https://azturfsuppliers.com/apache-junction/,308,18 May 2026 (00:27 UTC)
https://azturfsuppliers.com/spring-blend-107/,https://azturfsuppliers.com/homeowners,https://azturfsuppliers.com/homeowners/,308,18 May 2026 (00:27 UTC)
https://azturfsuppliers.com/spring-blend-107/,https://azturfsuppliers.com/about,https://azturfsuppliers.com/about/,308,18 May 2026 (00:27 UTC)
https://azturfsuppliers.com/spring-blend-107/,https://azturfsuppliers.com/reviews,https://azturfsuppliers.com/reviews/,308,18 May 2026 (00:27 UTC)
https://azturfsuppliers.com/spring-blend-107/,https://azturfsuppliers.com/san-tan-valley,https://azturfsuppliers.com/san-tan-valley/,308,18 May 2026 (00:27 UTC)
https://azturfsuppliers.com/spring-blend-107/,https://azturfsuppliers.com/putting-green,https://azturfsuppliers.com/putting-green/,308,18 May 2026 (00:27 UTC)
https://azturfsuppliers.com/spring-blend-107/,https://azturfsuppliers.com/bermuda-blend,https://azturfsuppliers.com/bermuda-blend/,308,25 May 2026 (00:28 UTC)
https://azturfsuppliers.com/spring-blend-107/,https://azturfsuppliers.com/winter-series,https://azturfsuppliers.com/winter-series/,308,25 May 2026 (00:28 UTC)
https://azturfsuppliers.com/spring-blend-107/,https://azturfsuppliers.com/phoenix,https://azturfsuppliers.com/phoenix/,308,18 May 2026 (00:27 UTC)
https://azturfsuppliers.com/spring-blend-107/,https://www.azturfsuppliers.com/spring-blend-107/,https://azturfsuppliers.com/spring-blend-107/,301,18 May 2026 (00:27 UTC)
https://azturfsuppliers.com/spring-blend-107/,https://azturfsuppliers.com/artificial-turf,https://azturfsuppliers.com/artificial-turf/,308,18 May 2026 (00:27 UTC)
https://azturfsuppliers.com/spring-blend-107/,https://azturfsuppliers.com/turf-calculator,https://azturfsuppliers.com/turf-calculator/,308,18 May 2026 (00:27 UTC)
https://azturfsuppliers.com/spring-blend-107/,https://azturfsuppliers.com/spring-blend,https://azturfsuppliers.com/spring-blend/,308,25 May 2026 (00:28 UTC)
https://azturfsuppliers.com/spring-blend-107/,https://azturfsuppliers.com/natural-series,https://azturfsuppliers.com/natural-series/,308,25 May 2026 (00:28 UTC)
https://azturfsuppliers.com/spring-blend-107/,https://azturfsuppliers.com/warranty,https://azturfsuppliers.com/warranty/,308,18 May 2026 (00:27 UTC)
https://azturfsuppliers.com/spring-blend-107/,https://azturfsuppliers.com/blog,https://azturfsuppliers.com/blog/,308,18 May 2026 (00:27 UTC)
https://azturfsuppliers.com/spring-blend-107/,https://azturfsuppliers.com/gallery,https://azturfsuppliers.com/gallery/,308,18 May 2026 (00:27 UTC)
https://azturfsuppliers.com/spring-blend-107/,https://azturfsuppliers.com/tempe,https://azturfsuppliers.com/tempe/,308,18 May 2026 (00:27 UTC)
https://azturfsuppliers.com/spring-blend-107/,https://azturfsuppliers.com/scottsdale,https://azturfsuppliers.com/scottsdale/,308,18 May 2026 (00:27 UTC)
https://azturfsuppliers.com/spring-blend-107/,https://azturfsuppliers.com/accessories,https://azturfsuppliers.com/accessories/,308,18 May 2026 (00:27 UTC)
https://azturfsuppliers.com/spring-blend-107/,https://azturfsuppliers.com/products,https://azturfsuppliers.com/products/,308,18 May 2026 (00:27 UTC)
https://azturfsuppliers.com/spring-blend-107/,https://azturfsuppliers.com/queen-creek,https://azturfsuppliers.com/queen-creek/,308,18 May 2026 (00:27 UTC)
https://azturfsuppliers.com/spring-blend-107/,https://azturfsuppliers.com/resources,https://azturfsuppliers.com/resources/,308,18 May 2026 (00:27 UTC)
https://azturfsuppliers.com/spring-blend-107/,https://azturfsuppliers.com/contractors,https://azturfsuppliers.com/contractors/,308,18 May 2026 (00:27 UTC)
https://azturfsuppliers.com/spring-blend-107/,https://azturfsuppliers.com/natural-stone,https://azturfsuppliers.com/natural-stone/,308,18 May 2026 (00:27 UTC)
https://azturfsuppliers.com/spring-blend-87/,https://azturfsuppliers.com/turf-calculator,https://azturfsuppliers.com/turf-calculator/,308,18 May 2026 (00:27 UTC)
https://azturfsuppliers.com/spring-blend-87/,https://azturfsuppliers.com/contact,https://azturfsuppliers.com/contact/,308,18 May 2026 (00:27 UTC)
https://azturfsuppliers.com/spring-blend-87/,https://azturfsuppliers.com/pavers,https://azturfsuppliers.com/pavers/,308,18 May 2026 (00:27 UTC)
https://azturfsuppliers.com/spring-blend-87/,https://azturfsuppliers.com/gilbert,https://azturfsuppliers.com/gilbert/,308,18 May 2026 (00:27 UTC)
https://azturfsuppliers.com/spring-blend-87/,https://azturfsuppliers.com/lead-free,https://azturfsuppliers.com/lead-free/,308,18 May 2026 (00:27 UTC)
https://azturfsuppliers.com/spring-blend-87/,https://azturfsuppliers.com/locations,https://azturfsuppliers.com/locations/,308,18 May 2026 (00:27 UTC)
https://azturfsuppliers.com/spring-blend-87/,https://azturfsuppliers.com/apache-junction,https://azturfsuppliers.com/apache-junction/,308,18 May 2026 (00:27 UTC)
https://azturfsuppliers.com/spring-blend-87/,https://azturfsuppliers.com/homeowners,https://azturfsuppliers.com/homeowners/,308,18 May 2026 (00:27 UTC)
https://azturfsuppliers.com/spring-blend-87/,https://azturfsuppliers.com/chandler,https://azturfsuppliers.com/chandler/,308,18 May 2026 (00:27 UTC)
https://azturfsuppliers.com/spring-blend-87/,https://azturfsuppliers.com/reviews,https://azturfsuppliers.com/reviews/,308,18 May 2026 (00:27 UTC)
https://azturfsuppliers.com/spring-blend-87/,https://azturfsuppliers.com/san-tan-valley,https://azturfsuppliers.com/san-tan-valley/,308,18 May 2026 (00:27 UTC)
https://azturfsuppliers.com/spring-blend-87/,https://azturfsuppliers.com/putting-green,https://azturfsuppliers.com/putting-green/,308,18 May 2026 (00:27 UTC)
https://azturfsuppliers.com/spring-blend-87/,https://azturfsuppliers.com/bermuda-blend,https://azturfsuppliers.com/bermuda-blend/,308,25 May 2026 (00:28 UTC)
https://azturfsuppliers.com/spring-blend-87/,https://azturfsuppliers.com/winter-series,https://azturfsuppliers.com/winter-series/,308,25 May 2026 (00:28 UTC)
https://azturfsuppliers.com/spring-blend-87/,https://azturfsuppliers.com/phoenix,https://azturfsuppliers.com/phoenix/,308,18 May 2026 (00:27 UTC)
https://azturfsuppliers.com/spring-blend-87/,https://www.azturfsuppliers.com/spring-blend-87/,https://azturfsuppliers.com/spring-blend-87/,301,18 May 2026 (00:27 UTC)
https://azturfsuppliers.com/spring-blend-87/,https://azturfsuppliers.com/landscape-lighting,https://azturfsuppliers.com/landscape-lighting/,308,18 May 2026 (00:27 UTC)
https://azturfsuppliers.com/spring-blend-87/,https://azturfsuppliers.com/warranty,https://azturfsuppliers.com/warranty/,308,18 May 2026 (00:27 UTC)
https://azturfsuppliers.com/spring-blend-87/,https://azturfsuppliers.com/artificial-turf,https://azturfsuppliers.com/artificial-turf/,308,18 May 2026 (00:27 UTC)
https://azturfsuppliers.com/spring-blend-87/,https://azturfsuppliers.com/mesa,https://azturfsuppliers.com/mesa/,308,18 May 2026 (00:27 UTC)
https://azturfsuppliers.com/spring-blend-87/,https://azturfsuppliers.com/about,https://azturfsuppliers.com/about/,308,18 May 2026 (00:27 UTC)
https://azturfsuppliers.com/spring-blend-87/,https://azturfsuppliers.com/spring-blend,https://azturfsuppliers.com/spring-blend/,308,25 May 2026 (00:28 UTC)
https://azturfsuppliers.com/spring-blend-87/,https://azturfsuppliers.com/natural-series,https://azturfsuppliers.com/natural-series/,308,25 May 2026 (00:28 UTC)
https://azturfsuppliers.com/spring-blend-87/,https://azturfsuppliers.com/blog,https://azturfsuppliers.com/blog/,308,18 May 2026 (00:27 UTC)
https://azturfsuppliers.com/spring-blend-87/,https://azturfsuppliers.com/gallery,https://azturfsuppliers.com/gallery/,308,18 May 2026 (00:27 UTC)
https://azturfsuppliers.com/spring-blend-87/,https://azturfsuppliers.com/tempe,https://azturfsuppliers.com/tempe/,308,18 May 2026 (00:27 UTC)
https://azturfsuppliers.com/spring-blend-87/,https://azturfsuppliers.com/scottsdale,https://azturfsuppliers.com/scottsdale/,308,18 May 2026 (00:27 UTC)
https://azturfsuppliers.com/spring-blend-87/,https://azturfsuppliers.com/accessories,https://azturfsuppliers.com/accessories/,308,18 May 2026 (00:27 UTC)
https://azturfsuppliers.com/spring-blend-87/,https://azturfsuppliers.com/products,https://azturfsuppliers.com/products/,308,18 May 2026 (00:27 UTC)
https://azturfsuppliers.com/spring-blend-87/,https://azturfsuppliers.com/queen-creek,https://azturfsuppliers.com/queen-creek/,308,18 May 2026 (00:27 UTC)
https://azturfsuppliers.com/spring-blend-87/,https://azturfsuppliers.com/resources,https://azturfsuppliers.com/resources/,308,18 May 2026 (00:27 UTC)
https://azturfsuppliers.com/spring-blend-87/,https://azturfsuppliers.com/contractors,https://azturfsuppliers.com/contractors/,308,18 May 2026 (00:27 UTC)
https://azturfsuppliers.com/spring-blend-87/,https://azturfsuppliers.com/natural-stone,https://azturfsuppliers.com/natural-stone/,308,18 May 2026 (00:27 UTC)
https://azturfsuppliers.com/spring-blend/,https://azturfsuppliers.com/winter-series,https://azturfsuppliers.com/winter-series/,308,25 May 2026 (00:28 UTC)
https://azturfsuppliers.com/spring-blend/,https://azturfsuppliers.com/turf-calculator,https://azturfsuppliers.com/turf-calculator/,308,25 May 2026 (00:28 UTC)
https://azturfsuppliers.com/spring-blend/,https://azturfsuppliers.com/landscape-lighting,https://azturfsuppliers.com/landscape-lighting/,308,25 May 2026 (00:28 UTC)
https://azturfsuppliers.com/spring-blend/,https://azturfsuppliers.com/contact,https://azturfsuppliers.com/contact/,308,25 May 2026 (00:28 UTC)
https://azturfsuppliers.com/spring-blend/,https://azturfsuppliers.com/pavers,https://azturfsuppliers.com/pavers/,308,25 May 2026 (00:28 UTC)
https://azturfsuppliers.com/spring-blend/,https://azturfsuppliers.com/gilbert,https://azturfsuppliers.com/gilbert/,308,25 May 2026 (00:28 UTC)
https://azturfsuppliers.com/spring-blend/,https://azturfsuppliers.com/lead-free,https://azturfsuppliers.com/lead-free/,308,25 May 2026 (00:28 UTC)
https://azturfsuppliers.com/spring-blend/,https://azturfsuppliers.com/locations,https://azturfsuppliers.com/locations/,308,25 May 2026 (00:28 UTC)
https://azturfsuppliers.com/spring-blend/,https://azturfsuppliers.com/artificial-turf,https://azturfsuppliers.com/artificial-turf/,308,25 May 2026 (00:28 UTC)
https://azturfsuppliers.com/spring-blend/,https://azturfsuppliers.com/apache-junction,https://azturfsuppliers.com/apache-junction/,308,25 May 2026 (00:28 UTC)
https://azturfsuppliers.com/spring-blend/,https://azturfsuppliers.com/homeowners,https://azturfsuppliers.com/homeowners/,308,25 May 2026 (00:28 UTC)
https://azturfsuppliers.com/spring-blend/,https://azturfsuppliers.com/chandler,https://azturfsuppliers.com/chandler/,308,25 May 2026 (00:28 UTC)
https://azturfsuppliers.com/spring-blend/,https://azturfsuppliers.com/reviews,https://azturfsuppliers.com/reviews/,308,25 May 2026 (00:28 UTC)
https://azturfsuppliers.com/spring-blend/,https://azturfsuppliers.com/san-tan-valley,https://azturfsuppliers.com/san-tan-valley/,308,25 May 2026 (00:28 UTC)
https://azturfsuppliers.com/spring-blend/,https://azturfsuppliers.com/putting-green,https://azturfsuppliers.com/putting-green/,308,25 May 2026 (00:28 UTC)
https://azturfsuppliers.com/spring-blend/,https://azturfsuppliers.com/bermuda-blend,https://azturfsuppliers.com/bermuda-blend/,308,25 May 2026 (00:28 UTC)
https://azturfsuppliers.com/spring-blend/,https://azturfsuppliers.com/gallery,https://azturfsuppliers.com/gallery/,308,25 May 2026 (00:28 UTC)
https://azturfsuppliers.com/spring-blend/,https://azturfsuppliers.com/phoenix,https://azturfsuppliers.com/phoenix/,308,25 May 2026 (00:28 UTC)
https://azturfsuppliers.com/spring-blend/,https://azturfsuppliers.com/blog,https://azturfsuppliers.com/blog/,308,25 May 2026 (00:28 UTC)
https://azturfsuppliers.com/spring-blend/,https://www.azturfsuppliers.com/spring-blend/,https://azturfsuppliers.com/spring-blend/,301,25 May 2026 (00:28 UTC)
https://azturfsuppliers.com/spring-blend/,https://azturfsuppliers.com/spring-blend-87,https://azturfsuppliers.com/spring-blend-87/,308,25 May 2026 (00:28 UTC)
https://azturfsuppliers.com/spring-blend/,https://azturfsuppliers.com/mesa,https://azturfsuppliers.com/mesa/,308,25 May 2026 (00:28 UTC)
https://azturfsuppliers.com/spring-blend/,https://azturfsuppliers.com/spring-blend-107,https://azturfsuppliers.com/spring-blend-107/,308,25 May 2026 (00:28 UTC)
https://azturfsuppliers.com/spring-blend/,https://azturfsuppliers.com/about,https://azturfsuppliers.com/about/,308,25 May 2026 (00:28 UTC)
https://azturfsuppliers.com/spring-blend/,https://azturfsuppliers.com/spring-blend,https://azturfsuppliers.com/spring-blend/,308,25 May 2026 (00:28 UTC)
https://azturfsuppliers.com/spring-blend/,https://azturfsuppliers.com/natural-series,https://azturfsuppliers.com/natural-series/,308,25 May 2026 (00:28 UTC)
https://azturfsuppliers.com/spring-blend/,https://azturfsuppliers.com/warranty,https://azturfsuppliers.com/warranty/,308,25 May 2026 (00:28 UTC)
https://azturfsuppliers.com/spring-blend/,https://azturfsuppliers.com/natural-stone,https://azturfsuppliers.com/natural-stone/,308,25 May 2026 (00:28 UTC)
https://azturfsuppliers.com/spring-blend/,https://azturfsuppliers.com/tempe,https://azturfsuppliers.com/tempe/,308,25 May 2026 (00:28 UTC)
https://azturfsuppliers.com/spring-blend/,https://azturfsuppliers.com/scottsdale,https://azturfsuppliers.com/scottsdale/,308,25 May 2026 (00:28 UTC)
https://azturfsuppliers.com/spring-blend/,https://azturfsuppliers.com/accessories,https://azturfsuppliers.com/accessories/,308,25 May 2026 (00:28 UTC)
https://azturfsuppliers.com/spring-blend/,https://azturfsuppliers.com/products,https://azturfsuppliers.com/products/,308,25 May 2026 (00:28 UTC)
https://azturfsuppliers.com/spring-blend/,https://azturfsuppliers.com/queen-creek,https://azturfsuppliers.com/queen-creek/,308,25 May 2026 (00:28 UTC)
https://azturfsuppliers.com/spring-blend/,https://azturfsuppliers.com/resources,https://azturfsuppliers.com/resources/,308,25 May 2026 (00:28 UTC)
https://azturfsuppliers.com/spring-blend/,https://azturfsuppliers.com/contractors,https://azturfsuppliers.com/contractors/,308,25 May 2026 (00:28 UTC)
https://azturfsuppliers.com/tempe/,https://azturfsuppliers.com/tempe,https://azturfsuppliers.com/tempe/,308,18 May 2026 (00:27 UTC)
https://azturfsuppliers.com/tempe/,https://azturfsuppliers.com/artificial-turf,https://azturfsuppliers.com/artificial-turf/,308,18 May 2026 (00:27 UTC)
https://azturfsuppliers.com/tempe/,https://azturfsuppliers.com/natural-stone,https://azturfsuppliers.com/natural-stone/,308,18 May 2026 (00:27 UTC)
https://azturfsuppliers.com/tempe/,https://azturfsuppliers.com/contractors,https://azturfsuppliers.com/contractors/,308,18 May 2026 (00:27 UTC)
https://azturfsuppliers.com/tempe/,https://azturfsuppliers.com/resources,https://azturfsuppliers.com/resources/,308,18 May 2026 (00:27 UTC)
https://azturfsuppliers.com/tempe/,https://azturfsuppliers.com/queen-creek,https://azturfsuppliers.com/queen-creek/,308,18 May 2026 (00:27 UTC)
https://azturfsuppliers.com/tempe/,https://azturfsuppliers.com/products,https://azturfsuppliers.com/products/,308,18 May 2026 (00:27 UTC)
https://azturfsuppliers.com/tempe/,https://azturfsuppliers.com/accessories,https://azturfsuppliers.com/accessories/,308,18 May 2026 (00:27 UTC)
https://azturfsuppliers.com/tempe/,https://azturfsuppliers.com/scottsdale,https://azturfsuppliers.com/scottsdale/,308,18 May 2026 (00:27 UTC)
https://azturfsuppliers.com/tempe/,https://www.azturfsuppliers.com/tempe/,https://azturfsuppliers.com/tempe/,301,18 May 2026 (00:27 UTC)
https://azturfsuppliers.com/tempe/,https://azturfsuppliers.com/gallery,https://azturfsuppliers.com/gallery/,308,18 May 2026 (00:27 UTC)
https://azturfsuppliers.com/tempe/,https://azturfsuppliers.com/blog,https://azturfsuppliers.com/blog/,308,18 May 2026 (00:27 UTC)
https://azturfsuppliers.com/tempe/,https://azturfsuppliers.com/warranty,https://azturfsuppliers.com/warranty/,308,18 May 2026 (00:27 UTC)
https://azturfsuppliers.com/tempe/,https://azturfsuppliers.com/natural-series,https://azturfsuppliers.com/natural-series/,308,25 May 2026 (00:28 UTC)
https://azturfsuppliers.com/tempe/,https://azturfsuppliers.com/spring-blend,https://azturfsuppliers.com/spring-blend/,308,25 May 2026 (00:28 UTC)
https://azturfsuppliers.com/tempe/,https://azturfsuppliers.com/about,https://azturfsuppliers.com/about/,308,18 May 2026 (00:27 UTC)
https://azturfsuppliers.com/tempe/,https://azturfsuppliers.com/mesa,https://azturfsuppliers.com/mesa/,308,18 May 2026 (00:27 UTC)
https://azturfsuppliers.com/tempe/,https://azturfsuppliers.com/landscape-lighting,https://azturfsuppliers.com/landscape-lighting/,308,18 May 2026 (00:27 UTC)
https://azturfsuppliers.com/tempe/,https://azturfsuppliers.com/turf-calculator,https://azturfsuppliers.com/turf-calculator/,308,18 May 2026 (00:27 UTC)
https://azturfsuppliers.com/tempe/,https://azturfsuppliers.com/phoenix,https://azturfsuppliers.com/phoenix/,308,18 May 2026 (00:27 UTC)
https://azturfsuppliers.com/tempe/,https://azturfsuppliers.com/winter-series,https://azturfsuppliers.com/winter-series/,308,25 May 2026 (00:28 UTC)
https://azturfsuppliers.com/tempe/,https://azturfsuppliers.com/bermuda-blend,https://azturfsuppliers.com/bermuda-blend/,308,25 May 2026 (00:28 UTC)
https://azturfsuppliers.com/tempe/,https://azturfsuppliers.com/putting-green,https://azturfsuppliers.com/putting-green/,308,18 May 2026 (00:27 UTC)
https://azturfsuppliers.com/tempe/,https://azturfsuppliers.com/san-tan-valley,https://azturfsuppliers.com/san-tan-valley/,308,18 May 2026 (00:27 UTC)
https://azturfsuppliers.com/tempe/,https://azturfsuppliers.com/reviews,https://azturfsuppliers.com/reviews/,308,18 May 2026 (00:27 UTC)
https://azturfsuppliers.com/tempe/,https://azturfsuppliers.com/chandler,https://azturfsuppliers.com/chandler/,308,18 May 2026 (00:27 UTC)
https://azturfsuppliers.com/tempe/,https://azturfsuppliers.com/homeowners,https://azturfsuppliers.com/homeowners/,308,18 May 2026 (00:27 UTC)
https://azturfsuppliers.com/tempe/,https://azturfsuppliers.com/apache-junction,https://azturfsuppliers.com/apache-junction/,308,18 May 2026 (00:27 UTC)
https://azturfsuppliers.com/tempe/,https://azturfsuppliers.com/locations,https://azturfsuppliers.com/locations/,308,18 May 2026 (00:27 UTC)
https://azturfsuppliers.com/tempe/,https://azturfsuppliers.com/lead-free,https://azturfsuppliers.com/lead-free/,308,18 May 2026 (00:27 UTC)
https://azturfsuppliers.com/tempe/,https://azturfsuppliers.com/gilbert,https://azturfsuppliers.com/gilbert/,308,18 May 2026 (00:27 UTC)
https://azturfsuppliers.com/tempe/,https://azturfsuppliers.com/pavers,https://azturfsuppliers.com/pavers/,308,18 May 2026 (00:27 UTC)
https://azturfsuppliers.com/tempe/,https://azturfsuppliers.com/contact,https://azturfsuppliers.com/contact/,308,18 May 2026 (00:27 UTC)
https://azturfsuppliers.com/turf-calculator/,https://azturfsuppliers.com/landscape-lighting,https://azturfsuppliers.com/landscape-lighting/,308,18 May 2026 (00:27 UTC)
https://azturfsuppliers.com/turf-calculator/,https://azturfsuppliers.com/contact,https://azturfsuppliers.com/contact/,308,18 May 2026 (00:27 UTC)
https://azturfsuppliers.com/turf-calculator/,https://azturfsuppliers.com/pavers,https://azturfsuppliers.com/pavers/,308,18 May 2026 (00:27 UTC)
https://azturfsuppliers.com/turf-calculator/,https://azturfsuppliers.com/gilbert,https://azturfsuppliers.com/gilbert/,308,18 May 2026 (00:27 UTC)
https://azturfsuppliers.com/turf-calculator/,https://azturfsuppliers.com/lead-free,https://azturfsuppliers.com/lead-free/,308,18 May 2026 (00:27 UTC)
https://azturfsuppliers.com/turf-calculator/,https://azturfsuppliers.com/locations,https://azturfsuppliers.com/locations/,308,18 May 2026 (00:27 UTC)
https://azturfsuppliers.com/turf-calculator/,https://azturfsuppliers.com/apache-junction,https://azturfsuppliers.com/apache-junction/,308,18 May 2026 (00:27 UTC)
https://azturfsuppliers.com/turf-calculator/,https://azturfsuppliers.com/homeowners,https://azturfsuppliers.com/homeowners/,308,18 May 2026 (00:27 UTC)
https://azturfsuppliers.com/turf-calculator/,https://azturfsuppliers.com/chandler,https://azturfsuppliers.com/chandler/,308,18 May 2026 (00:27 UTC)
https://azturfsuppliers.com/turf-calculator/,https://azturfsuppliers.com/reviews,https://azturfsuppliers.com/reviews/,308,18 May 2026 (00:27 UTC)
https://azturfsuppliers.com/turf-calculator/,https://azturfsuppliers.com/san-tan-valley,https://azturfsuppliers.com/san-tan-valley/,308,18 May 2026 (00:27 UTC)
https://azturfsuppliers.com/turf-calculator/,https://azturfsuppliers.com/putting-green,https://azturfsuppliers.com/putting-green/,308,18 May 2026 (00:27 UTC)
https://azturfsuppliers.com/turf-calculator/,https://azturfsuppliers.com/bermuda-blend,https://azturfsuppliers.com/bermuda-blend/,308,25 May 2026 (00:28 UTC)
https://azturfsuppliers.com/turf-calculator/,https://azturfsuppliers.com/winter-series,https://azturfsuppliers.com/winter-series/,308,25 May 2026 (00:28 UTC)
https://azturfsuppliers.com/turf-calculator/,https://azturfsuppliers.com/phoenix,https://azturfsuppliers.com/phoenix/,308,18 May 2026 (00:27 UTC)
https://azturfsuppliers.com/turf-calculator/,https://azturfsuppliers.com/artificial-turf,https://azturfsuppliers.com/artificial-turf/,308,18 May 2026 (00:27 UTC)
https://azturfsuppliers.com/turf-calculator/,https://www.azturfsuppliers.com/turf-calculator/,https://azturfsuppliers.com/turf-calculator/,301,18 May 2026 (00:27 UTC)
https://azturfsuppliers.com/turf-calculator/,https://azturfsuppliers.com/warranty,https://azturfsuppliers.com/warranty/,308,18 May 2026 (00:27 UTC)
https://azturfsuppliers.com/turf-calculator/,https://azturfsuppliers.com/turf-calculator,https://azturfsuppliers.com/turf-calculator/,308,18 May 2026 (00:27 UTC)
https://azturfsuppliers.com/turf-calculator/,https://azturfsuppliers.com/about,https://azturfsuppliers.com/about/,308,18 May 2026 (00:27 UTC)
https://azturfsuppliers.com/turf-calculator/,https://azturfsuppliers.com/spring-blend,https://azturfsuppliers.com/spring-blend/,308,25 May 2026 (00:28 UTC)
https://azturfsuppliers.com/turf-calculator/,https://azturfsuppliers.com/natural-series,https://azturfsuppliers.com/natural-series/,308,25 May 2026 (00:28 UTC)
https://azturfsuppliers.com/turf-calculator/,https://azturfsuppliers.com/blog,https://azturfsuppliers.com/blog/,308,18 May 2026 (00:27 UTC)
https://azturfsuppliers.com/turf-calculator/,https://azturfsuppliers.com/gallery,https://azturfsuppliers.com/gallery/,308,18 May 2026 (00:27 UTC)
https://azturfsuppliers.com/turf-calculator/,https://azturfsuppliers.com/tempe,https://azturfsuppliers.com/tempe/,308,18 May 2026 (00:27 UTC)
https://azturfsuppliers.com/turf-calculator/,https://azturfsuppliers.com/scottsdale,https://azturfsuppliers.com/scottsdale/,308,18 May 2026 (00:27 UTC)
https://azturfsuppliers.com/turf-calculator/,https://azturfsuppliers.com/accessories,https://azturfsuppliers.com/accessories/,308,18 May 2026 (00:27 UTC)
https://azturfsuppliers.com/turf-calculator/,https://azturfsuppliers.com/products,https://azturfsuppliers.com/products/,308,18 May 2026 (00:27 UTC)
https://azturfsuppliers.com/turf-calculator/,https://azturfsuppliers.com/queen-creek,https://azturfsuppliers.com/queen-creek/,308,18 May 2026 (00:27 UTC)
https://azturfsuppliers.com/turf-calculator/,https://azturfsuppliers.com/resources,https://azturfsuppliers.com/resources/,308,18 May 2026 (00:27 UTC)
https://azturfsuppliers.com/turf-calculator/,https://azturfsuppliers.com/contractors,https://azturfsuppliers.com/contractors/,308,18 May 2026 (00:27 UTC)
https://azturfsuppliers.com/turf-calculator/,https://azturfsuppliers.com/natural-stone,https://azturfsuppliers.com/natural-stone/,308,18 May 2026 (00:27 UTC)
https://azturfsuppliers.com/turf-calculator/,https://azturfsuppliers.com/mesa,https://azturfsuppliers.com/mesa/,308,18 May 2026 (00:27 UTC)
https://azturfsuppliers.com/warranty/,https://azturfsuppliers.com/landscape-lighting,https://azturfsuppliers.com/landscape-lighting/,308,18 May 2026 (00:27 UTC)
https://azturfsuppliers.com/warranty/,https://azturfsuppliers.com/scottsdale,https://azturfsuppliers.com/scottsdale/,308,18 May 2026 (00:27 UTC)
https://azturfsuppliers.com/warranty/,https://azturfsuppliers.com/contact,https://azturfsuppliers.com/contact/,308,18 May 2026 (00:27 UTC)
https://azturfsuppliers.com/warranty/,https://azturfsuppliers.com/pavers,https://azturfsuppliers.com/pavers/,308,18 May 2026 (00:27 UTC)
https://azturfsuppliers.com/warranty/,https://azturfsuppliers.com/gilbert,https://azturfsuppliers.com/gilbert/,308,18 May 2026 (00:27 UTC)
https://azturfsuppliers.com/warranty/,https://azturfsuppliers.com/lead-free,https://azturfsuppliers.com/lead-free/,308,18 May 2026 (00:27 UTC)
https://azturfsuppliers.com/warranty/,https://azturfsuppliers.com/locations,https://azturfsuppliers.com/locations/,308,18 May 2026 (00:27 UTC)
https://azturfsuppliers.com/warranty/,https://azturfsuppliers.com/apache-junction,https://azturfsuppliers.com/apache-junction/,308,18 May 2026 (00:27 UTC)
https://azturfsuppliers.com/warranty/,https://azturfsuppliers.com/homeowners,https://azturfsuppliers.com/homeowners/,308,18 May 2026 (00:27 UTC)
https://azturfsuppliers.com/warranty/,https://azturfsuppliers.com/chandler,https://azturfsuppliers.com/chandler/,308,18 May 2026 (00:27 UTC)
https://azturfsuppliers.com/warranty/,https://azturfsuppliers.com/reviews,https://azturfsuppliers.com/reviews/,308,18 May 2026 (00:27 UTC)
https://azturfsuppliers.com/warranty/,https://azturfsuppliers.com/san-tan-valley,https://azturfsuppliers.com/san-tan-valley/,308,18 May 2026 (00:27 UTC)
https://azturfsuppliers.com/warranty/,https://azturfsuppliers.com/putting-green,https://azturfsuppliers.com/putting-green/,308,18 May 2026 (00:27 UTC)
https://azturfsuppliers.com/warranty/,https://azturfsuppliers.com/bermuda-blend,https://azturfsuppliers.com/bermuda-blend/,308,25 May 2026 (00:28 UTC)
https://azturfsuppliers.com/warranty/,https://azturfsuppliers.com/winter-series,https://azturfsuppliers.com/winter-series/,308,25 May 2026 (00:28 UTC)
https://azturfsuppliers.com/warranty/,https://www.azturfsuppliers.com/warranty/,https://azturfsuppliers.com/warranty/,301,18 May 2026 (00:27 UTC)
https://azturfsuppliers.com/warranty/,https://azturfsuppliers.com/tempe,https://azturfsuppliers.com/tempe/,308,18 May 2026 (00:27 UTC)
https://azturfsuppliers.com/warranty/,https://azturfsuppliers.com/phoenix,https://azturfsuppliers.com/phoenix/,308,18 May 2026 (00:27 UTC)
https://azturfsuppliers.com/warranty/,https://azturfsuppliers.com/mesa,https://azturfsuppliers.com/mesa/,308,18 May 2026 (00:27 UTC)
https://azturfsuppliers.com/warranty/,https://azturfsuppliers.com/about,https://azturfsuppliers.com/about/,308,18 May 2026 (00:27 UTC)
https://azturfsuppliers.com/warranty/,https://azturfsuppliers.com/spring-blend,https://azturfsuppliers.com/spring-blend/,308,25 May 2026 (00:28 UTC)
https://azturfsuppliers.com/warranty/,https://azturfsuppliers.com/natural-series,https://azturfsuppliers.com/natural-series/,308,25 May 2026 (00:28 UTC)
https://azturfsuppliers.com/warranty/,https://azturfsuppliers.com/warranty,https://azturfsuppliers.com/warranty/,308,18 May 2026 (00:27 UTC)
https://azturfsuppliers.com/warranty/,https://azturfsuppliers.com/blog,https://azturfsuppliers.com/blog/,308,18 May 2026 (00:27 UTC)
https://azturfsuppliers.com/warranty/,https://azturfsuppliers.com/gallery,https://azturfsuppliers.com/gallery/,308,18 May 2026 (00:27 UTC)
https://azturfsuppliers.com/warranty/,https://azturfsuppliers.com/turf-calculator,https://azturfsuppliers.com/turf-calculator/,308,18 May 2026 (00:27 UTC)
https://azturfsuppliers.com/warranty/,https://azturfsuppliers.com/accessories,https://azturfsuppliers.com/accessories/,308,18 May 2026 (00:27 UTC)
https://azturfsuppliers.com/warranty/,https://azturfsuppliers.com/products,https://azturfsuppliers.com/products/,308,18 May 2026 (00:27 UTC)
https://azturfsuppliers.com/warranty/,https://azturfsuppliers.com/queen-creek,https://azturfsuppliers.com/queen-creek/,308,18 May 2026 (00:27 UTC)
https://azturfsuppliers.com/warranty/,https://azturfsuppliers.com/resources,https://azturfsuppliers.com/resources/,308,18 May 2026 (00:27 UTC)
https://azturfsuppliers.com/warranty/,https://azturfsuppliers.com/contractors,https://azturfsuppliers.com/contractors/,308,18 May 2026 (00:27 UTC)
https://azturfsuppliers.com/warranty/,https://azturfsuppliers.com/natural-stone,https://azturfsuppliers.com/natural-stone/,308,18 May 2026 (00:27 UTC)
https://azturfsuppliers.com/warranty/,https://azturfsuppliers.com/artificial-turf,https://azturfsuppliers.com/artificial-turf/,308,18 May 2026 (00:27 UTC)
https://azturfsuppliers.com/winter-blend-103/,https://azturfsuppliers.com/tempe,https://azturfsuppliers.com/tempe/,308,18 May 2026 (00:27 UTC)
https://azturfsuppliers.com/winter-blend-103/,https://azturfsuppliers.com/artificial-turf,https://azturfsuppliers.com/artificial-turf/,308,18 May 2026 (00:27 UTC)
https://azturfsuppliers.com/winter-blend-103/,https://azturfsuppliers.com/natural-stone,https://azturfsuppliers.com/natural-stone/,308,18 May 2026 (00:27 UTC)
https://azturfsuppliers.com/winter-blend-103/,https://azturfsuppliers.com/contractors,https://azturfsuppliers.com/contractors/,308,18 May 2026 (00:27 UTC)
https://azturfsuppliers.com/winter-blend-103/,https://azturfsuppliers.com/resources,https://azturfsuppliers.com/resources/,308,18 May 2026 (00:27 UTC)
https://azturfsuppliers.com/winter-blend-103/,https://azturfsuppliers.com/queen-creek,https://azturfsuppliers.com/queen-creek/,308,18 May 2026 (00:27 UTC)
https://azturfsuppliers.com/winter-blend-103/,https://azturfsuppliers.com/products,https://azturfsuppliers.com/products/,308,18 May 2026 (00:27 UTC)
https://azturfsuppliers.com/winter-blend-103/,https://azturfsuppliers.com/accessories,https://azturfsuppliers.com/accessories/,308,18 May 2026 (00:27 UTC)
https://azturfsuppliers.com/winter-blend-103/,https://azturfsuppliers.com/scottsdale,https://azturfsuppliers.com/scottsdale/,308,18 May 2026 (00:27 UTC)
https://azturfsuppliers.com/winter-blend-103/,https://azturfsuppliers.com/turf-calculator,https://azturfsuppliers.com/turf-calculator/,308,18 May 2026 (00:27 UTC)
https://azturfsuppliers.com/winter-blend-103/,https://azturfsuppliers.com/gallery,https://azturfsuppliers.com/gallery/,308,18 May 2026 (00:27 UTC)
https://azturfsuppliers.com/winter-blend-103/,https://azturfsuppliers.com/blog,https://azturfsuppliers.com/blog/,308,18 May 2026 (00:27 UTC)
https://azturfsuppliers.com/winter-blend-103/,https://azturfsuppliers.com/warranty,https://azturfsuppliers.com/warranty/,308,18 May 2026 (00:27 UTC)
https://azturfsuppliers.com/winter-blend-103/,https://azturfsuppliers.com/natural-series,https://azturfsuppliers.com/natural-series/,308,25 May 2026 (00:28 UTC)
https://azturfsuppliers.com/winter-blend-103/,https://azturfsuppliers.com/spring-blend,https://azturfsuppliers.com/spring-blend/,308,25 May 2026 (00:28 UTC)
https://azturfsuppliers.com/winter-blend-103/,https://azturfsuppliers.com/about,https://azturfsuppliers.com/about/,308,18 May 2026 (00:27 UTC)
https://azturfsuppliers.com/winter-blend-103/,https://azturfsuppliers.com/mesa,https://azturfsuppliers.com/mesa/,308,18 May 2026 (00:27 UTC)
https://azturfsuppliers.com/winter-blend-103/,https://azturfsuppliers.com/homeowners,https://azturfsuppliers.com/homeowners/,308,18 May 2026 (00:27 UTC)
https://azturfsuppliers.com/winter-blend-103/,https://www.azturfsuppliers.com/winter-blend-103/,https://azturfsuppliers.com/winter-blend-103/,301,18 May 2026 (00:27 UTC)
https://azturfsuppliers.com/winter-blend-103/,https://azturfsuppliers.com/phoenix,https://azturfsuppliers.com/phoenix/,308,18 May 2026 (00:27 UTC)
https://azturfsuppliers.com/winter-blend-103/,https://azturfsuppliers.com/winter-series,https://azturfsuppliers.com/winter-series/,308,25 May 2026 (00:28 UTC)
https://azturfsuppliers.com/winter-blend-103/,https://azturfsuppliers.com/bermuda-blend,https://azturfsuppliers.com/bermuda-blend/,308,25 May 2026 (00:28 UTC)
https://azturfsuppliers.com/winter-blend-103/,https://azturfsuppliers.com/putting-green,https://azturfsuppliers.com/putting-green/,308,18 May 2026 (00:27 UTC)
https://azturfsuppliers.com/winter-blend-103/,https://azturfsuppliers.com/san-tan-valley,https://azturfsuppliers.com/san-tan-valley/,308,18 May 2026 (00:27 UTC)
https://azturfsuppliers.com/winter-blend-103/,https://azturfsuppliers.com/reviews,https://azturfsuppliers.com/reviews/,308,18 May 2026 (00:27 UTC)
https://azturfsuppliers.com/winter-blend-103/,https://azturfsuppliers.com/chandler,https://azturfsuppliers.com/chandler/,308,18 May 2026 (00:27 UTC)
https://azturfsuppliers.com/winter-blend-103/,https://azturfsuppliers.com/apache-junction,https://azturfsuppliers.com/apache-junction/,308,18 May 2026 (00:27 UTC)
https://azturfsuppliers.com/winter-blend-103/,https://azturfsuppliers.com/locations,https://azturfsuppliers.com/locations/,308,18 May 2026 (00:27 UTC)
https://azturfsuppliers.com/winter-blend-103/,https://azturfsuppliers.com/lead-free,https://azturfsuppliers.com/lead-free/,308,18 May 2026 (00:27 UTC)
https://azturfsuppliers.com/winter-blend-103/,https://azturfsuppliers.com/gilbert,https://azturfsuppliers.com/gilbert/,308,18 May 2026 (00:27 UTC)
https://azturfsuppliers.com/winter-blend-103/,https://azturfsuppliers.com/pavers,https://azturfsuppliers.com/pavers/,308,18 May 2026 (00:27 UTC)
https://azturfsuppliers.com/winter-blend-103/,https://azturfsuppliers.com/contact,https://azturfsuppliers.com/contact/,308,18 May 2026 (00:27 UTC)
https://azturfsuppliers.com/winter-blend-103/,https://azturfsuppliers.com/landscape-lighting,https://azturfsuppliers.com/landscape-lighting/,308,18 May 2026 (00:27 UTC)
https://azturfsuppliers.com/winter-blend-84/,https://azturfsuppliers.com/about,https://azturfsuppliers.com/about/,308,18 May 2026 (00:27 UTC)
https://azturfsuppliers.com/winter-blend-84/,https://azturfsuppliers.com/scottsdale,https://azturfsuppliers.com/scottsdale/,308,18 May 2026 (00:27 UTC)
https://azturfsuppliers.com/winter-blend-84/,https://azturfsuppliers.com/turf-calculator,https://azturfsuppliers.com/turf-calculator/,308,18 May 2026 (00:27 UTC)
https://azturfsuppliers.com/winter-blend-84/,https://azturfsuppliers.com/artificial-turf,https://azturfsuppliers.com/artificial-turf/,308,18 May 2026 (00:27 UTC)
https://azturfsuppliers.com/winter-blend-84/,https://azturfsuppliers.com/natural-stone,https://azturfsuppliers.com/natural-stone/,308,18 May 2026 (00:27 UTC)
https://azturfsuppliers.com/winter-blend-84/,https://azturfsuppliers.com/contractors,https://azturfsuppliers.com/contractors/,308,18 May 2026 (00:27 UTC)
https://azturfsuppliers.com/winter-blend-84/,https://azturfsuppliers.com/resources,https://azturfsuppliers.com/resources/,308,18 May 2026 (00:27 UTC)
https://azturfsuppliers.com/winter-blend-84/,https://azturfsuppliers.com/queen-creek,https://azturfsuppliers.com/queen-creek/,308,18 May 2026 (00:27 UTC)
https://azturfsuppliers.com/winter-blend-84/,https://azturfsuppliers.com/products,https://azturfsuppliers.com/products/,308,18 May 2026 (00:27 UTC)
https://azturfsuppliers.com/winter-blend-84/,https://azturfsuppliers.com/accessories,https://azturfsuppliers.com/accessories/,308,18 May 2026 (00:27 UTC)
https://azturfsuppliers.com/winter-blend-84/,https://azturfsuppliers.com/landscape-lighting,https://azturfsuppliers.com/landscape-lighting/,308,18 May 2026 (00:27 UTC)
https://azturfsuppliers.com/winter-blend-84/,https://azturfsuppliers.com/tempe,https://azturfsuppliers.com/tempe/,308,18 May 2026 (00:27 UTC)
https://azturfsuppliers.com/winter-blend-84/,https://azturfsuppliers.com/gallery,https://azturfsuppliers.com/gallery/,308,18 May 2026 (00:27 UTC)
https://azturfsuppliers.com/winter-blend-84/,https://azturfsuppliers.com/blog,https://azturfsuppliers.com/blog/,308,18 May 2026 (00:27 UTC)
https://azturfsuppliers.com/winter-blend-84/,https://azturfsuppliers.com/warranty,https://azturfsuppliers.com/warranty/,308,18 May 2026 (00:27 UTC)
https://azturfsuppliers.com/winter-blend-84/,https://azturfsuppliers.com/natural-series,https://azturfsuppliers.com/natural-series/,308,25 May 2026 (00:28 UTC)
https://azturfsuppliers.com/winter-blend-84/,https://azturfsuppliers.com/mesa,https://azturfsuppliers.com/mesa/,308,18 May 2026 (00:27 UTC)
https://azturfsuppliers.com/winter-blend-84/,https://azturfsuppliers.com/spring-blend,https://azturfsuppliers.com/spring-blend/,308,25 May 2026 (00:28 UTC)
https://azturfsuppliers.com/winter-blend-84/,https://azturfsuppliers.com/contact,https://azturfsuppliers.com/contact/,308,18 May 2026 (00:27 UTC)
https://azturfsuppliers.com/winter-blend-84/,https://www.azturfsuppliers.com/winter-blend-84/,https://azturfsuppliers.com/winter-blend-84/,301,18 May 2026 (00:27 UTC)
https://azturfsuppliers.com/winter-blend-84/,https://azturfsuppliers.com/phoenix,https://azturfsuppliers.com/phoenix/,308,18 May 2026 (00:27 UTC)
https://azturfsuppliers.com/winter-blend-84/,https://azturfsuppliers.com/winter-series,https://azturfsuppliers.com/winter-series/,308,25 May 2026 (00:28 UTC)
https://azturfsuppliers.com/winter-blend-84/,https://azturfsuppliers.com/bermuda-blend,https://azturfsuppliers.com/bermuda-blend/,308,25 May 2026 (00:28 UTC)
https://azturfsuppliers.com/winter-blend-84/,https://azturfsuppliers.com/putting-green,https://azturfsuppliers.com/putting-green/,308,18 May 2026 (00:27 UTC)
https://azturfsuppliers.com/winter-blend-84/,https://azturfsuppliers.com/san-tan-valley,https://azturfsuppliers.com/san-tan-valley/,308,18 May 2026 (00:27 UTC)
https://azturfsuppliers.com/winter-blend-84/,https://azturfsuppliers.com/reviews,https://azturfsuppliers.com/reviews/,308,18 May 2026 (00:27 UTC)
https://azturfsuppliers.com/winter-blend-84/,https://azturfsuppliers.com/chandler,https://azturfsuppliers.com/chandler/,308,18 May 2026 (00:27 UTC)
https://azturfsuppliers.com/winter-blend-84/,https://azturfsuppliers.com/homeowners,https://azturfsuppliers.com/homeowners/,308,18 May 2026 (00:27 UTC)
https://azturfsuppliers.com/winter-blend-84/,https://azturfsuppliers.com/apache-junction,https://azturfsuppliers.com/apache-junction/,308,18 May 2026 (00:27 UTC)
https://azturfsuppliers.com/winter-blend-84/,https://azturfsuppliers.com/locations,https://azturfsuppliers.com/locations/,308,18 May 2026 (00:27 UTC)
https://azturfsuppliers.com/winter-blend-84/,https://azturfsuppliers.com/lead-free,https://azturfsuppliers.com/lead-free/,308,18 May 2026 (00:27 UTC)
https://azturfsuppliers.com/winter-blend-84/,https://azturfsuppliers.com/gilbert,https://azturfsuppliers.com/gilbert/,308,18 May 2026 (00:27 UTC)
https://azturfsuppliers.com/winter-blend-84/,https://azturfsuppliers.com/pavers,https://azturfsuppliers.com/pavers/,308,18 May 2026 (00:27 UTC)
https://azturfsuppliers.com/winter-series/,https://azturfsuppliers.com/contractors,https://azturfsuppliers.com/contractors/,308,25 May 2026 (00:28 UTC)
https://azturfsuppliers.com/winter-series/,https://azturfsuppliers.com/natural-stone,https://azturfsuppliers.com/natural-stone/,308,25 May 2026 (00:28 UTC)
https://azturfsuppliers.com/winter-series/,https://azturfsuppliers.com/queen-creek,https://azturfsuppliers.com/queen-creek/,308,25 May 2026 (00:28 UTC)
https://azturfsuppliers.com/winter-series/,https://azturfsuppliers.com/resources,https://azturfsuppliers.com/resources/,308,25 May 2026 (00:28 UTC)
https://azturfsuppliers.com/winter-series/,https://azturfsuppliers.com/landscape-lighting,https://azturfsuppliers.com/landscape-lighting/,308,25 May 2026 (00:28 UTC)
https://azturfsuppliers.com/winter-series/,https://azturfsuppliers.com/artificial-turf,https://azturfsuppliers.com/artificial-turf/,308,25 May 2026 (00:28 UTC)
https://azturfsuppliers.com/winter-series/,https://azturfsuppliers.com/winter-blend-103,https://azturfsuppliers.com/winter-blend-103/,308,25 May 2026 (00:28 UTC)
https://azturfsuppliers.com/winter-series/,https://azturfsuppliers.com/turf-calculator,https://azturfsuppliers.com/turf-calculator/,308,25 May 2026 (00:28 UTC)
https://azturfsuppliers.com/winter-series/,https://azturfsuppliers.com/spring-blend,https://azturfsuppliers.com/spring-blend/,308,25 May 2026 (00:28 UTC)
https://azturfsuppliers.com/winter-series/,https://azturfsuppliers.com/products,https://azturfsuppliers.com/products/,308,25 May 2026 (00:28 UTC)
https://azturfsuppliers.com/winter-series/,https://azturfsuppliers.com/accessories,https://azturfsuppliers.com/accessories/,308,25 May 2026 (00:28 UTC)
https://azturfsuppliers.com/winter-series/,https://azturfsuppliers.com/scottsdale,https://azturfsuppliers.com/scottsdale/,308,25 May 2026 (00:28 UTC)
https://azturfsuppliers.com/winter-series/,https://azturfsuppliers.com/tempe,https://azturfsuppliers.com/tempe/,308,25 May 2026 (00:28 UTC)
https://azturfsuppliers.com/winter-series/,https://azturfsuppliers.com/gallery,https://azturfsuppliers.com/gallery/,308,25 May 2026 (00:28 UTC)
https://azturfsuppliers.com/winter-series/,https://azturfsuppliers.com/blog,https://azturfsuppliers.com/blog/,308,25 May 2026 (00:28 UTC)
https://azturfsuppliers.com/winter-series/,https://azturfsuppliers.com/warranty,https://azturfsuppliers.com/warranty/,308,25 May 2026 (00:28 UTC)
https://azturfsuppliers.com/winter-series/,https://azturfsuppliers.com/natural-series,https://azturfsuppliers.com/natural-series/,308,25 May 2026 (00:28 UTC)
https://azturfsuppliers.com/winter-series/,https://azturfsuppliers.com/about,https://azturfsuppliers.com/about/,308,25 May 2026 (00:28 UTC)
https://azturfsuppliers.com/winter-series/,https://azturfsuppliers.com/chandler,https://azturfsuppliers.com/chandler/,308,25 May 2026 (00:28 UTC)
https://azturfsuppliers.com/winter-series/,https://azturfsuppliers.com/mesa,https://azturfsuppliers.com/mesa/,308,25 May 2026 (00:28 UTC)
https://azturfsuppliers.com/winter-series/,https://www.azturfsuppliers.com/winter-series/,https://azturfsuppliers.com/winter-series/,301,25 May 2026 (00:28 UTC)
https://azturfsuppliers.com/winter-series/,https://azturfsuppliers.com/phoenix,https://azturfsuppliers.com/phoenix/,308,25 May 2026 (00:28 UTC)
https://azturfsuppliers.com/winter-series/,https://azturfsuppliers.com/bermuda-blend,https://azturfsuppliers.com/bermuda-blend/,308,25 May 2026 (00:28 UTC)
https://azturfsuppliers.com/winter-series/,https://azturfsuppliers.com/winter-series,https://azturfsuppliers.com/winter-series/,308,25 May 2026 (00:28 UTC)
https://azturfsuppliers.com/winter-series/,https://azturfsuppliers.com/putting-green,https://azturfsuppliers.com/putting-green/,308,25 May 2026 (00:28 UTC)
https://azturfsuppliers.com/winter-series/,https://azturfsuppliers.com/san-tan-valley,https://azturfsuppliers.com/san-tan-valley/,308,25 May 2026 (00:28 UTC)
https://azturfsuppliers.com/winter-series/,https://azturfsuppliers.com/reviews,https://azturfsuppliers.com/reviews/,308,25 May 2026 (00:28 UTC)
https://azturfsuppliers.com/winter-series/,https://azturfsuppliers.com/contact,https://azturfsuppliers.com/contact/,308,25 May 2026 (00:28 UTC)
https://azturfsuppliers.com/winter-series/,https://azturfsuppliers.com/homeowners,https://azturfsuppliers.com/homeowners/,308,25 May 2026 (00:28 UTC)
https://azturfsuppliers.com/winter-series/,https://azturfsuppliers.com/apache-junction,https://azturfsuppliers.com/apache-junction/,308,25 May 2026 (00:28 UTC)
https://azturfsuppliers.com/winter-series/,https://azturfsuppliers.com/winter-blend-84,https://azturfsuppliers.com/winter-blend-84/,308,25 May 2026 (00:28 UTC)
https://azturfsuppliers.com/winter-series/,https://azturfsuppliers.com/locations,https://azturfsuppliers.com/locations/,308,25 May 2026 (00:28 UTC)
https://azturfsuppliers.com/winter-series/,https://azturfsuppliers.com/lead-free,https://azturfsuppliers.com/lead-free/,308,25 May 2026 (00:28 UTC)
https://azturfsuppliers.com/winter-series/,https://azturfsuppliers.com/gilbert,https://azturfsuppliers.com/gilbert/,308,25 May 2026 (00:28 UTC)
https://azturfsuppliers.com/winter-series/,https://azturfsuppliers.com/pavers,https://azturfsuppliers.com/pavers/,308,25 May 2026 (00:28 UTC)
